CustomerID,sales,frequency,recency
12346,77183.6,1,326
12747,3837.4500000000003,10,3
12748,31854.579999999998,195,1
12749,4090.880000000001,5,4
12820,942.34,4,4
12821,92.72,1,215
12822,948.8799999999998,2,71
12823,1759.5,5,75
12824,397.11999999999995,1,60
12826,1474.7199999999998,7,3
12827,430.15,3,6
12828,1018.7099999999999,6,3
12829,293.0,2,337
12830,6814.639999999999,6,38
12831,215.05,1,263
12832,383.03,2,33
12833,417.37999999999994,1,146
12834,312.38,1,283
12836,2612.86,4,60
12837,134.1,1,174
12838,292.34000000000003,1,34
12839,5188.81,13,3
12840,2726.77,4,144
12841,3516.3600000000006,23,5
12842,1118.99,2,71
12843,1702.2600000000002,8,66
12844,325.96000000000004,2,30
12845,354.09,4,268
12847,871.5399999999998,1,23
12849,1050.8899999999999,2,32
12851,135.17999999999995,1,97
12852,311.54999999999995,1,295
12853,1957.1000000000001,6,135
12854,1324.5,3,79
12856,2179.93,6,8
12857,1106.4,2,211
12863,521.2,1,53
12864,147.12,1,139
12867,4036.82,7,27
12868,1403.7600000000002,5,186
12871,380.64,2,85
12872,599.97,2,327
12873,374.0,1,283
12875,343.2300000000001,2,144
12877,1535.77,12,4
12878,854.99,2,237
12879,573.22,3,45
12881,298.0,1,276
12882,1463.04,2,10
12883,703.4700000000001,4,25
12884,309.05000000000007,1,89
12885,1175.2200000000003,3,64
12886,1378.4,2,68
12888,354.12,2,215
12890,380.46999999999997,1,25
12891,331.0,3,186
12893,188.14,1,31
12895,372.79999999999995,2,43
12897,216.5,2,205
12901,17654.54,28,9
12902,138.68,1,265
12904,509.5799999999999,2,19
12906,2919.8099999999995,5,12
12908,750.0,2,177
12909,2178.67,5,40
12910,3075.0400000000004,8,24
12912,1662.3000000000002,5,3
12913,2066.0099999999998,4,5
12915,164.0,1,149
12916,3006.1499999999996,4,139
12917,594.0,1,129
12919,1335.19,6,9
12920,164.23000000000002,1,18
12921,15899.29,35,10
12922,405.38,1,162
12923,176.97,1,65
12924,933.7,4,89
12925,694.05,2,5
12928,2062.7,5,36
12929,117.85000000000001,1,312
12930,415.8,2,79
12931,42055.95999999999,15,22
12933,607.53,3,25
12935,2160.7,7,3
12936,1063.9,4,18
12937,1504.2699999999995,4,16
12938,114.14,1,26
12939,11581.800000000001,8,65
12940,913.5400000000002,2,55
12942,683.8999999999999,3,132
12944,604.51,2,36
12945,462.95000000000005,1,289
12947,1299.95,5,144
12948,2064.95,7,17
12949,4167.219999999999,8,31
12950,1843.0,3,3
12951,1064.0700000000002,6,9
12952,1387.79,4,6
12953,329.84999999999997,1,10
12955,4757.16,11,2
12956,108.07,1,307
12957,4017.54,8,10
12962,266.39000000000004,2,8
12963,1856.6300000000003,8,9
12965,771.9099999999996,1,90
12966,160.18,1,10
12967,292.5,1,359
12968,135.95,1,113
12970,452.23999999999995,4,8
12971,10921.719999999996,83,4
12974,144.8,1,198
12976,738.6,1,212
12977,39.24,1,157
12980,7374.900000000001,9,158
12981,372.22,2,30
12982,390.53999999999996,1,243
12984,97.5,1,19
12985,1239.3799999999999,2,1
12987,558.7,2,74
12988,535.32,1,293
12989,6924.109999999999,15,4
12990,409.5,3,32
12991,503.76,2,24
12993,414.76000000000005,4,24
12994,974.4200000000001,3,5
12995,211.32,1,86
12997,1226.8899999999999,4,23
12999,455.87999999999994,3,197
13000,534.85,3,107
13001,9818.82,13,5
13002,120.94999999999999,1,319
13003,149.05,3,106
13004,5655.91,18,12
13005,513.7,2,174
13006,81.57,1,57
13008,229.47000000000003,1,324
13012,1661.8400000000001,8,10
13013,3282.6000000000004,11,2
13014,3466.28,10,11
13015,3346.2799999999993,5,54
13016,789.8899999999999,3,74
13017,204.0,1,8
13018,7277.699999999999,28,17
13021,2616.3799999999997,9,5
13023,689.9000000000001,2,65
13026,975.3600000000001,5,2
13027,6912.0,6,114
13028,661.3199999999999,2,23
13029,1247.5,3,31
13030,371.7399999999999,1,12
13032,1010.18,2,53
13033,190.54999999999998,1,358
13034,476.91,1,55
13035,921.8799999999999,2,74
13037,881.0699999999999,3,139
13038,908.46,3,81
13040,676.99,2,9
13043,516.4200000000001,1,274
13044,560.4700000000001,1,292
13045,305.28,1,100
13046,629.31,2,31
13047,2870.91,7,32
13048,1835.91,4,15
13049,656.6800000000001,2,65
13050,5508.85,16,15
13052,348.15000000000003,1,213
13055,1214.4099999999996,3,79
13058,271.4,3,25
13059,183.4,1,250
13060,307.53000000000003,1,254
13061,248.61,1,73
13062,346.98,1,192
13064,1119.4899999999998,4,13
13066,470.80000000000007,2,25
13067,115.46000000000002,1,83
13068,344.0,2,11
13069,4103.62,22,1
13070,228.8,1,193
13072,177.14999999999998,1,267
13075,919.61,1,130
13077,415.55000000000007,3,2
13078,12113.55,25,4
13079,220.10000000000002,5,5
13080,58.08,1,180
13081,25970.59999999999,9,12
13082,3613.63,9,127
13083,303.75,2,5
13085,416.08000000000004,2,158
13089,55595.21000000001,94,3
13090,8750.22,13,9
13091,345.82,1,29
13092,477.83,5,71
13093,7033.07,7,276
13094,1703.64,11,22
13095,74.4,1,71
13097,6010.42,10,33
13098,28882.440000000006,28,2
13099,207.35999999999999,1,100
13101,101.18999999999998,1,235
13102,6424.09,24,2
13103,243.94,1,40
13104,1098.48,6,4
13106,76.5,1,134
13107,1531.6200000000001,4,45
13109,786.5400000000001,2,60
13110,1488.6699999999998,7,32
13113,11872.989999999998,23,1
13115,2294.78,4,12
13116,501.14000000000004,1,139
13117,782.79,7,22
13118,1197.8100000000002,5,20
13120,30.599999999999998,1,239
13121,283.7299999999999,1,270
13122,922.3900000000002,2,95
13124,3866.330000000001,3,90
13126,1876.2,6,5
13127,259.16999999999996,1,78
13130,64.0,1,95
13131,1073.3,3,24
13132,77.3,1,262
13133,109.8,2,274
13134,1793.58,4,86
13135,3096.0,1,197
13136,2607.6099999999997,5,57
13137,3650.4100000000003,8,11
13138,769.1600000000001,5,23
13139,5064.9400000000005,7,17
13140,264.21,2,109
13141,2388.75,5,85
13142,307.0899999999999,1,20
13144,110.94999999999999,1,333
13145,323.52000000000004,3,40
13146,228.91,1,27
13147,712.8000000000001,4,11
13148,3707.12,12,30
13149,1676.06,4,15
13151,1257.8700000000003,1,296
13153,486.22,1,6
13155,592.06,3,34
13157,1741.2199999999998,4,50
13158,1201.06,4,95
13159,1437.85,4,9
13160,91.8,1,23
13161,112.75,1,314
13162,1688.29,4,123
13165,1021.4799999999999,2,47
13166,417.19999999999993,1,284
13167,791.33,4,19
13168,1319.1899999999998,4,37
13169,712.8799999999999,2,64
13170,116.01000000000002,1,27
13171,468.40999999999997,3,22
13173,187.70999999999998,1,5
13174,1401.06,2,17
13176,492.8400000000001,1,47
13177,282.45,1,65
13178,5725.469999999999,11,27
13182,121.17999999999999,1,46
13183,3957.7800000000007,9,8
13184,1701.29,10,15
13185,71.4,1,268
13186,1575.8899999999999,3,40
13187,236.01999999999995,1,338
13188,114.60000000000001,1,12
13189,260.68,2,19
13192,911.94,2,96
13193,117.88000000000001,1,62
13194,60.7,1,136
13196,1797.7800000000007,4,12
13198,3401.2400000000002,6,11
13199,9348.44,37,4
13200,870.0900000000001,4,20
13203,869.46,4,10
13207,250.26000000000005,2,16
13208,1223.9,6,59
13209,5891.61,8,31
13210,353.47999999999996,1,94
13211,1197.42,3,11
13212,788.0799999999998,3,20
13213,1520.58,5,57
13216,333.74,1,268
13217,533.98,3,123
13218,62.64,1,128
13220,819.29,4,79
13221,847.4100000000002,2,241
13223,163.20000000000002,2,201
13224,2155.9500000000007,2,61
13225,6463.84,7,4
13226,108.21000000000001,1,274
13227,257.7,1,202
13228,358.0,1,82
13229,160.95,1,226
13230,2806.97,14,5
13232,1357.6,7,13
13233,605.12,2,75
13235,1031.0699999999997,1,213
13236,744.8499999999999,2,25
13238,700.73,4,18
13239,329.56,1,262
13240,663.6499999999999,4,97
13242,270.4,3,113
13243,600.07,1,204
13244,121.74000000000001,1,93
13245,430.5,1,51
13246,1987.3,6,19
13247,501.11999999999995,4,18
13248,465.67999999999995,2,125
13249,711.4100000000001,3,93
13253,1030.4,2,157
13255,173.81,1,10
13258,698.58,3,12
13259,292.3199999999999,1,62
13260,557.6200000000001,1,62
13261,944.1,2,269
13262,200.29000000000002,1,264
13263,7454.069999999999,35,2
13265,2107.66,5,54
13266,3834.26,12,12
13267,4193.04,18,3
13268,3214.6899999999996,11,18
13269,4994.8,14,2
13271,217.3799999999999,1,38
13272,276.56,2,32
13273,138.97999999999996,1,114
13276,590.9300000000001,2,64
13277,258.4,4,16
13278,542.73,1,41
13279,137.75,1,79
13280,814.86,3,123
13282,1132.14,3,19
13283,93.66,2,60
13284,201.19,1,331
13285,2709.1199999999994,4,24
13291,361.10999999999996,1,156
13292,578.94,2,39
13294,873.74,2,190
13295,201.2,1,360
13296,87.4,1,138
13297,2089.8500000000004,4,8
13298,360.0,1,2
13299,142.5,1,269
13300,371.89000000000004,1,170
13301,618.0899999999999,4,104
13302,63.75,1,156
13304,300.4199999999999,1,352
13305,1864.6599999999999,9,5
13307,15.0,1,121
13308,1385.5100000000002,3,23
13309,1456.79,5,8
13310,1132.0300000000002,3,29
13311,598.57,2,5
13313,1555.32,5,23
13314,775.9400000000003,3,2
13316,5977.73,4,38
13317,2273.68,6,67
13318,640.76,3,2
13319,10845.55,26,6
13320,1548.6999999999998,4,79
13321,567.3599999999999,2,73
13322,199.48,1,18
13323,787.8499999999999,5,4
13324,7121.95,10,37
13325,675.3,1,82
13327,3627.7700000000004,8,39
13328,1308.48,1,317
13329,484.7999999999999,1,32
13330,1140.93,3,93
13332,350.9,1,15
13334,3536.8200000000006,3,83
13336,795.12,1,78
13338,487.02,1,158
13339,860.1200000000002,1,201
13340,10736.480000000003,7,46
13341,775.8499999999999,1,261
13343,353.43,1,178
13344,2543.7200000000003,3,68
13345,389.50000000000006,1,288
13347,341.36,1,71
13348,233.76,1,65
13349,247.31999999999996,1,11
13350,979.1199999999999,2,17
13351,373.94,1,67
13352,397.9800000000001,1,61
13354,743.5300000000003,1,72
13355,674.7,1,123
13356,768.2400000000001,1,81
13357,609.9500000000002,1,258
13358,439.03000000000003,1,269
13359,439.55999999999995,1,64
13362,3090.7400000000007,4,10
13363,992.5,2,18
13364,134.96,1,72
13365,2225.37,2,34
13366,56.160000000000004,1,51
13368,623.4,2,257
13369,308.28000000000003,1,366
13372,378.64,1,90
13373,3312.250000000001,3,61
13375,778.6499999999997,1,89
13376,1019.76,3,100
13379,572.5600000000001,3,27
13381,3639.31,6,32
13382,222.99,1,281
13384,4151.93,7,31
13385,534.5700000000002,1,330
13388,677.1,2,132
13389,797.96,3,12
13390,544.0799999999999,1,75
13391,59.8,1,204
13394,2520.0199999999995,8,2
13395,307.72,1,186
13396,1360.9899999999998,2,30
13397,1544.13,5,73
13398,457.3400000000001,1,193
13402,312.95,1,128
13403,75.0,1,18
13404,252.48999999999998,2,2
13405,572.451,3,75
13408,26558.359999999986,60,2
13410,1003.06,5,25
13411,213.55000000000004,1,108
13414,1390.5,3,134
13416,712.5,2,44
13417,640.83,2,5
13418,5504.1900000000005,16,12
13419,221.05999999999995,1,64
13420,159.85,2,150
13421,1851.08,2,41
13422,2626.3000000000006,1,65
13425,1624.2099999999996,3,109
13426,3641.32,10,1
13427,582.6,3,20
13428,218.46999999999994,1,11
13429,1006.8,4,11
13430,679.45,2,19
13431,1269.1,2,68
13434,534.2400000000001,2,75
13435,3809.8900000000003,7,6
13436,196.88999999999996,1,2
13437,3408.0600000000004,7,15
13439,283.71,1,256
13441,296.64000000000004,1,92
13447,1129.1399999999999,3,24
13448,3095.41,4,17
13449,291.88,1,24
13450,2043.7199999999998,6,27
13451,2976.1500000000005,5,27
13452,590.0,2,260
13453,356.97999999999996,2,166
13455,365.40000000000003,1,25
13456,1766.7200000000003,6,18
13458,9646.57,14,8
13460,183.44,2,30
13461,1445.0,3,39
13462,151.5,1,253
13464,674.6800000000002,1,59
13466,307.90000000000003,1,185
13467,1083.7099999999998,2,11
13468,5122.74,34,2
13470,165.0,2,100
13471,2531.58,4,2
13473,422.64,2,61
13474,229.58999999999997,1,237
13475,1431.7799999999997,4,192
13476,1238.47,2,179
13477,1454.58,6,38
13479,300.95000000000005,2,201
13481,1804.56,5,46
13482,184.64,1,233
13483,140.34000000000003,1,66
13484,313.79999999999995,1,242
13485,454.24,1,234
13486,1122.41,3,79
13487,575.4,3,58
13488,7586.39,12,18
13489,449.52000000000004,4,106
13491,1116.92,9,52
13494,316.26,1,312
13495,1533.9200000000003,4,8
13496,653.33,2,11
13497,194.55,1,283
13499,1159.11,5,18
13500,1166.77,3,24
13502,292.0,3,17
13503,216.84999999999997,1,72
13504,295.93,1,65
13506,157.4,1,317
13507,2479.16,4,4
13508,110.97,1,244
13509,979.72,7,9
13510,1791.56,4,2
13512,251.20999999999998,1,261
13513,205.09999999999997,1,127
13514,152.20000000000002,1,74
13515,891.1200000000001,4,73
13516,1389.4099999999999,3,22
13517,2128.42,3,60
13518,659.4399999999998,1,86
13519,122.75,1,79
13521,1093.6499999999996,3,2
13522,125.80000000000001,1,31
13523,3397.9299999999994,4,34
13524,680.1800000000001,5,41
13525,628.78,2,15
13527,2287.5099999999998,7,34
13529,307.76,2,79
13531,178.35,1,206
13532,210.30999999999983,1,34
13533,270.79,3,183
13534,5870.080000000001,25,3
13536,3448.29,7,2
13538,1280.85,7,44
13539,631.3399999999999,3,86
13544,291.4100000000001,2,40
13546,626.99,3,13
13548,682.4099999999999,2,97
13549,918.1999999999999,7,26
13551,91.80000000000001,1,320
13552,3740.0700000000006,12,67
13555,4149.28,4,74
13557,584.06,2,29
13558,605.06,4,6
13560,174.37000000000003,1,8
13561,141.86,1,216
13562,1799.33,3,82
13563,777.53,2,85
13564,1209.0199999999998,2,145
13565,240.22000000000003,2,20
13566,874.7099999999999,2,41
13568,192.85000000000005,1,174
13569,255.42999999999998,1,18
13570,239.49000000000004,1,244
13571,2092.3199999999997,12,13
13572,1384.25,1,206
13573,294.4,2,51
13575,732.0699999999999,5,24
13576,6368.1900000000005,17,11
13577,1687.6,4,26
13579,302.34,1,15
13581,117.99999999999999,1,310
13583,781.0300000000002,1,156
13584,142.40000000000003,1,307
13587,712.4,1,64
13588,2478.95,9,16
13589,379.65,2,15
13590,1981.9199999999996,6,12
13591,1117.1299999999997,3,65
13592,247.96000000000004,4,36
13593,2037.08,5,109
13594,396.96999999999997,1,53
13596,697.0399999999998,2,6
13598,180.1700000000001,1,48
13599,4800.830000000001,19,2
13600,219.51999999999998,1,313
13601,693.3199999999999,2,46
13602,428.88999999999993,1,65
13603,164.34,1,27
13606,280.53999999999996,3,30
13607,678.0099999999996,1,41
13610,1131.88,7,13
13611,1171.8,3,90
13614,1610.46,4,25
13615,417.6900000000001,1,319
13617,544.1800000000001,3,41
13618,177.34000000000003,1,174
13621,213.85,1,117
13623,747.7800000000001,5,31
13626,257.22999999999996,1,253
13627,1638.47,5,60
13629,7792.360000000001,11,24
13630,2031.7800000000002,7,6
13631,3070.42,11,100
13632,2121.27,5,25
13634,1575.1599999999996,5,34
13635,1071.0300000000002,1,68
13636,949.1200000000001,5,37
13637,810.4999999999999,3,53
13638,122.64000000000001,1,16
13639,1033.3400000000001,1,75
13642,354.7999999999999,1,216
13643,519.44,3,32
13644,2624.2600000000007,4,17
13645,252.1,1,121
13647,1678.1200000000001,4,10
13649,148.8,1,257
13650,1836.34,6,17
13651,94.2,2,36
13652,786.28,2,46
13654,2707.3299999999995,6,44
13655,932.97,2,115
13656,379.6500000000001,2,165
13657,382.14,2,11
13658,2639.17,5,10
13659,1573.2,2,206
13662,897.7600000000002,3,86
13663,189.47,1,180
13666,84.65,3,61
13667,305.0199999999998,1,150
13668,6363.59,21,3
13669,218.54999999999998,2,51
13670,349.70000000000016,1,76
13672,186.39000000000001,2,302
13673,396.91999999999996,2,19
13675,486.82,2,152
13678,232.60000000000005,1,152
13680,3722.4199999999996,4,2
13681,827.83,4,18
13682,59.5,1,188
13684,67.23000000000002,1,286
13685,3119.4400000000005,7,3
13686,72.0,1,183
13689,910.0,1,64
13690,172.25,1,60
13692,1488.3200000000006,3,25
13694,64197.49999999999,49,4
13695,2504.13,15,32
13697,151.3,1,39
13699,308.58,1,156
13700,2265.1200000000003,10,27
13703,99.5,1,319
13704,2308.0599999999995,9,6
13705,393.72,2,8
13706,330.78999999999996,1,303
13707,806.4099999999999,2,268
13708,296.87999999999994,1,272
13709,6328.05,13,4
13710,180.48000000000002,1,32
13711,252.06,2,219
13712,228.83999999999997,1,247
13715,806.6900000000002,4,282
13716,138.28,1,270
13717,1445.01,6,33
13718,306.55,2,247
13719,1041.68,5,16
13720,799.9000000000001,4,117
13721,524.14,1,37
13722,2375.4100000000008,3,132
13723,199.85000000000002,1,218
13725,1980.5599999999997,8,50
13726,1079.6599999999999,2,39
13727,333.48,2,29
13728,1016.1400000000001,6,37
13730,752.6000000000001,2,136
13731,610.5899999999999,2,220
13732,491.86,1,29
13735,2885.2400000000002,4,25
13736,731.8999999999999,2,6
13737,339.59999999999997,1,201
13739,216.9,1,19
13740,350.75,1,241
13741,668.4300000000001,3,72
13742,3131.0199999999995,12,17
13743,1341.6,7,3
13744,1156.3600000000001,2,96
13745,300.03999999999996,1,163
13748,744.25,4,96
13750,1647.2600000000002,5,54
13751,296.24999999999994,1,289
13752,1186.2800000000002,6,125
13753,741.26,1,288
13754,282.6,2,152
13755,2161.349999999999,9,4
13756,4656.719999999999,13,3
13758,2471.7000000000003,5,12
13759,659.41,2,34
13760,286.78999999999996,2,55
13761,1070.65,2,51
13762,306.72,1,219
13763,1714.9599999999998,1,64
13764,1521.76,3,71
13767,15583.4,34,3
13769,2474.21,9,3
13771,2634.45,4,65
13772,1132.1299999999999,3,34
13774,344.99999999999994,1,82
13777,19137.0,24,1
13778,178.7,1,104
13780,360.01000000000005,2,8
13781,127.84000000000002,1,251
13782,912.0,6,13
13784,2462.79,11,10
13787,309.04,2,76
13790,348.79999999999995,1,5
13791,1516.0,2,128
13792,195.55,2,67
13798,36745.85000000001,56,2
13799,688.8599999999999,2,117
13800,558.3199999999997,1,310
13801,324.79999999999995,1,67
13802,4599.42,3,139
13803,277.07000000000005,1,256
13804,2635.79,7,31
13805,924.5999999999999,2,53
13806,256.38,1,64
13808,1747.6599999999999,5,6
13819,1140.35,3,302
13821,385.63999999999993,2,145
13822,632.0,2,6
13823,957.66,2,19
13824,1698.9399999999996,5,33
13826,189.5,1,177
13827,412.05,3,58
13828,209.49000000000004,1,23
13831,1794.9899999999998,5,17
13832,52.199999999999996,1,20
13833,384.7999999999999,1,160
13835,834.5700000000002,4,26
13837,271.24,2,212
13838,453.62000000000006,3,6
13841,85.0,1,253
13842,3075.05,8,59
13844,361.62,1,12
13845,312.98,1,65
13846,865.0600000000002,3,25
13848,935.0,2,93
13849,1537.9499999999998,2,52
13850,1595.4799999999996,1,130
13851,2651.4600000000005,3,96
13853,1090.14,1,58
13854,8109.52,25,9
13856,388.5,3,169
13858,216.16999999999996,1,58
13859,201.16,1,327
13860,1245.8999999999999,5,2
13862,2209.3599999999997,8,19
13863,305.78000000000003,1,248
13865,501.55999999999995,4,59
13866,145.67,1,75
13867,1015.29,3,32
13868,3192.54,2,8
13869,3104.9499999999985,4,124
13870,2770.94,8,3
13871,6403.250000000001,13,23
13873,389.6,3,120
13874,540.45,1,359
13875,1786.79,5,54
13876,122.69999999999999,1,64
13877,117.24000000000001,1,87
13878,1281.53,1,55
13880,3121.97,12,22
13881,17159.519999999997,20,4
13882,1191.1299999999999,5,3
13883,2674.4800000000005,5,11
13884,787.6,5,8
13885,506.80000000000007,2,190
13886,243.56000000000003,1,72
13887,349.54999999999995,1,205
13888,605.6300000000001,2,120
13889,416.9,1,93
13890,1883.8100000000002,10,2
13892,632.97,4,27
13893,821.1,1,298
13894,564.62,3,24
13895,2593.0699999999997,4,29
13897,311.15999999999997,1,51
13898,155.93,1,326
13899,388.52000000000004,2,17
13900,740.95,3,184
13901,2867.2000000000007,5,73
13904,332.63999999999993,2,38
13908,2369.55,4,80
13911,2580.9100000000003,9,58
13914,626.45,2,12
13917,272.03999999999996,2,50
13918,1212.84,2,50
13922,172.24999999999997,1,352
13923,351.13000000000005,1,54
13924,1838.85,6,2
13925,678.25,4,93
13926,223.85000000000002,1,24
13927,348.99,1,75
13928,464.57000000000005,4,11
13929,842.65,2,170
13930,337.3399999999999,2,58
13931,1237.5300000000007,2,96
13932,307.4,1,295
13933,608.79,2,110
13934,922.0999999999997,1,264
13936,376.58,1,180
13937,158.85,1,170
13938,71.66,1,36
13939,568.55,3,24
13940,839.14,4,18
13941,4017.84,4,22
13946,561.5699999999999,3,80
13947,90.6,1,66
13948,101.99999999999999,1,361
13949,2427.32,6,3
13950,745.06,4,12
13951,674.4499999999999,3,177
13952,3251.071,2,218
13953,3515.6800000000003,7,8
13954,439.91999999999996,2,2
13955,322.96000000000004,2,155
13956,1026.42,5,6
13959,598.2,3,80
13960,230.22,2,22
13962,169.55,2,22
13963,513.24,3,309
13967,80.7,1,146
13969,9053.939999999999,18,8
13971,2758.2599999999998,8,19
13972,190.25000000000003,2,71
13973,264.7,1,288
13974,413.59,1,50
13975,2526.2799999999997,6,32
13976,357.9800000000001,1,207
13978,196.79,2,15
13979,869.8700000000001,1,74
13980,200.14000000000001,1,61
13982,1871.8099999999997,4,40
13983,2274.07,11,30
13984,765.71,4,27
13985,7060.130000000002,15,5
13986,320.46000000000004,1,18
13988,4147.96,6,20
13989,1266.08,2,66
13990,311.3,1,214
13991,855.97,6,13
13992,76.8,1,31
13993,3466.36,9,43
13994,2313.14,6,4
13995,1393.69,5,16
13999,3901.8100000000013,12,11
14000,635.6600000000001,1,212
14001,1741.8400000000001,2,46
14002,529.73,2,135
14004,4582.64,7,44
14005,2874.7200000000003,5,10
14006,962.1899999999999,3,116
14009,695.6099999999999,2,199
14012,328.8,1,278
14013,473.02,3,111
14014,505.18000000000006,1,78
14015,917.34,1,53
14019,1421.6100000000001,3,47
14020,642.8,2,17
14021,631.9,3,156
14022,440.0,1,226
14023,584.07,2,8
14024,327.7,2,122
14027,104.82000000000002,1,61
14029,467.65999999999997,2,64
14030,1683.59,6,19
14031,15572.61,18,8
14032,2671.73,10,3
14034,651.8199999999999,3,23
14035,1428.02,5,29
14036,626.6499999999999,1,285
14037,147.20000000000005,2,177
14038,1560.38,3,79
14039,152.2,1,34
14040,3614.92,12,41
14041,141.41,1,267
14044,652.82,4,27
14045,1333.35,3,110
14046,154.98999999999998,1,285
14047,1021.69,4,9
14048,409.9299999999999,1,306
14049,5681.719999999999,4,17
14050,746.36,2,32
14051,14986.97,22,1
14052,225.35999999999993,1,20
14053,260.25,2,125
14054,92.46,1,66
14055,725.6400000000001,1,107
14056,8214.65,23,2
14057,6217.960000000001,17,24
14059,183.59999999999997,1,267
14060,5519.579999999999,17,5
14062,10464.850000000002,12,10
14064,1353.74,5,30
14066,152.55,1,267
14067,374.70000000000005,2,64
14068,265.85,1,321
14071,1438.8200000000002,8,4
14073,151.04,1,33
14075,942.26,3,5
14076,122.46999999999997,1,130
14077,499.41999999999996,5,41
14078,913.1299999999999,5,102
14079,375.09999999999997,1,125
14080,45.599999999999994,1,33
14081,510.9999999999999,1,303
14082,182.24999999999997,1,365
14083,708.8900000000001,8,5
14085,4140.49,17,3
14087,194.42,1,3
14088,50491.81000000001,13,11
14089,161.0,1,57
14090,76.32000000000001,1,325
14092,4076.9100000000003,14,8
14093,442.8499999999999,1,13
14096,65164.790000000095,17,5
14098,147.34999999999997,1,37
14099,3104.17,11,17
14100,194.9,1,138
14101,5976.789999999999,6,74
14102,1360.2799999999997,5,6
14104,216.21,2,155
14105,1266.2300000000002,1,240
14107,2703.23,7,52
14108,597.9100000000001,2,31
14109,144.2,1,73
14110,5683.149999999999,12,4
14111,692.85,4,15
14112,2915.15,7,23
14113,1840.42,4,4
14114,386.53000000000003,2,274
14116,1382.7400000000002,5,20
14117,90.0,1,144
14121,2780.1499999999996,4,4
14124,419.58000000000004,1,85
14125,2740.4300000000003,3,11
14126,706.1300000000001,3,8
14127,709.71,3,123
14128,637.5,2,61
14129,1123.86,5,2
14130,483.85999999999996,1,320
14132,3586.0299999999997,11,3
14133,605.64,3,130
14135,3886.06,13,2
14138,982.3800000000002,2,2
14139,415.81999999999994,1,47
14140,935.0499999999998,2,4
14141,915.1300000000001,4,3
14143,115.8,1,134
14145,3742.2,4,47
14146,4191.0,5,9
14147,483.40000000000003,2,79
14148,157.2,1,234
14149,446.62000000000006,1,221
14150,658.6400000000001,2,36
14152,621.29,2,76
14154,1345.62,2,240
14155,118.75,1,267
14157,432.8800000000001,2,20
14158,507.66000000000014,1,41
14159,4693.01,11,20
14161,827.3700000000001,2,216
14162,289.36,2,174
14163,2445.91,4,88
14164,1631.7700000000002,2,71
14165,122.53999999999999,1,276
14167,574.84,4,40
14171,363.78999999999996,1,99
14173,450.84000000000003,4,11
14174,134.46,1,34
14175,3222.3,3,60
14176,417.35,3,298
14177,559.4100000000001,4,87
14178,1620.9299999999998,7,9
14179,719.7799999999997,2,41
14180,4546.770000000001,24,11
14184,452.89,1,67
14185,197.65,1,332
14188,2054.36,6,31
14189,4342.84,14,3
14191,4684.76,13,2
14193,853.3899999999999,2,68
14194,11349.520000000002,21,5
14195,1011.9999999999999,2,202
14196,335.52,1,107
14198,701.4,4,19
14199,185.39999999999998,1,219
14201,747.4399999999999,7,61
14204,161.02999999999997,1,3
14205,466.70000000000005,2,17
14206,328.1599999999999,1,240
14208,151.73999999999998,1,95
14209,2073.4300000000003,6,11
14210,1600.89,5,106
14211,2241.1,9,54
14212,1070.48,1,90
14214,1004.3799999999999,5,31
14215,1623.7200000000003,5,12
14216,1839.2999999999997,4,4
14217,1886.68,16,2
14218,169.48000000000002,1,43
14219,89.94,1,5
14220,632.4000000000001,2,248
14221,3432.8,9,43
14222,683.17,1,178
14223,991.1299999999999,3,93
14224,1050.12,4,111
14226,2232.1899999999996,5,29
14227,3350.96,10,27
14229,1547.1999999999998,3,52
14231,925.71,3,184
14232,2048.0699999999997,5,43
14233,1462.72,4,50
14234,775.4600000000002,4,23
14235,3144.86,5,76
14236,301.56000000000006,1,81
14238,146.85,1,327
14239,2380.8500000000004,11,44
14240,890.3400000000003,2,31
14241,213.70000000000002,1,184
14242,280.54999999999995,2,235
14243,2588.7700000000004,10,9
14245,1693.4499999999998,2,220
14246,1474.0600000000002,3,111
14247,136.77,1,279
14248,302.58,1,319
14250,1904.0500000000006,3,8
14251,2879.7000000000007,5,2
14256,969.06,2,261
14257,3099.7200000000003,5,65
14258,12669.98,9,10
14259,120.0,1,142
14261,1163.4499999999998,2,51
14262,2618.2299999999996,8,9
14264,333.97,2,155
14267,1516.24,3,163
14270,492.6499999999999,1,332
14271,112.32000000000002,1,226
14272,437.96000000000004,2,74
14273,559.97,4,52
14276,1119.7399999999998,3,99
14280,134.04,1,197
14282,3158.34,14,4
14284,595.25,2,31
14285,1910.0100000000002,4,22
14286,4628.75,3,24
14287,176.63,3,9
14288,426.6,1,214
14289,911.26,6,9
14290,2314.6499999999996,5,12
14291,3883.25,11,2
14292,4871.929999999999,9,8
14293,681.6399999999999,3,4
14295,166.2,1,41
14297,1305.33,4,18
14298,51527.30000000001,44,9
14299,3965.6199999999994,9,9
14300,43.2,1,19
14301,640.14,1,118
14304,383.45000000000005,1,223
14305,1858.96,3,72
14306,2093.3199999999997,2,52
14307,2212.6099999999997,5,89
14309,2352.53,9,9
14311,310.26,1,243
14312,1611.5900000000001,6,47
14314,120.0,1,107
14315,2481.1299999999997,6,45
14317,508.58,1,65
14320,477.7900000000001,2,207
14321,1530.7500000000002,5,11
14323,605.0600000000001,2,115
14326,183.85,1,243
14327,311.65000000000003,1,164
14329,5014.84,7,18
14331,462.65999999999997,2,125
14332,866.31,3,23
14333,415.2,1,68
14334,2552.21,8,17
14336,1614.9099999999999,4,17
14338,588.2199999999999,2,162
14339,309.52,1,243
14340,134.7,1,219
14341,2182.2799999999997,8,46
14342,668.56,4,22
14344,549.2800000000001,6,128
14345,108.97999999999999,1,39
14346,1021.5800000000002,2,121
14348,409.57,1,261
14349,133.50000000000006,1,11
14350,282.92999999999995,1,275
14351,51.0,1,165
14352,1078.96,4,158
14353,90.6,1,216
14354,163.62,2,6
14355,174.4,1,366
14356,701.2299999999998,2,80
14357,225.77000000000012,1,44
14359,912.1800000000001,3,20
14360,2128.2299999999996,4,32
14362,161.20000000000002,1,23
14364,3717.35,8,109
14367,9261.52,16,9
14368,155.00000000000003,1,320
14371,100.5,1,296
14373,76.55,1,359
14375,257.67999999999995,1,186
14377,617.05,2,192
14379,348.09999999999997,2,45
14381,202.6800000000001,1,53
14382,626.07,1,27
14383,1247.69,3,39
14385,202.10999999999999,3,10
14386,142.4,1,297
14387,1770.56,3,33
14388,2900.04,7,11
14389,1043.46,2,66
14390,4429.12,8,11
14393,67.94999999999999,1,219
14395,3199.03,8,3
14396,377.63999999999993,1,66
14397,2612.9599999999996,19,3
14400,574.7,1,150
14401,4051.4800000000005,13,5
14403,1475.81,4,131
14404,1340.84,5,34
14406,156.75,1,120
14407,2157.73,6,108
14408,2606.5299999999997,7,11
14409,1730.65,4,72
14410,1105.07,9,93
14411,1063.0,1,311
14412,770.03,2,43
14413,122.7,1,363
14414,1496.98,7,92
14415,5900.28,13,2
14416,490.22,2,23
14418,1937.25,3,4
14419,1058.06,6,11
14420,387.52,1,100
14421,813.1099999999999,2,58
14422,4263.640000000001,6,1
14423,265.2,1,219
14424,322.08,1,18
14426,4481.669999999999,10,24
14427,363.34000000000003,2,51
14428,1244.83,5,8
14431,470.35999999999996,1,303
14432,2255.5099999999998,6,10
14434,1372.8,6,22
14436,89.06,1,99
14437,63.0,1,366
14438,131.9,1,307
14440,2357.6800000000003,5,9
14441,1712.89,4,1
14443,1116.6999999999998,3,54
14446,1039.58,4,1
14447,1163.23,5,19
14448,375.35,2,10
14449,696.8599999999999,3,19
14450,483.25,3,181
14451,662.5899999999999,2,61
14452,264.44000000000005,2,11
14453,119.93000000000002,1,191
14456,3062.3999999999996,9,6
14457,113.64,1,311
14459,1837.9199999999996,1,156
14460,434.34,3,111
14461,2103.06,3,149
14462,2004.02,11,67
14463,529.62,3,99
14465,1058.62,3,247
14466,1892.65,6,30
14467,598.76,4,18
14470,461.18999999999994,2,12
14472,1936.8399999999997,8,104
14473,234.34000000000003,2,75
14474,547.6600000000001,1,47
14475,925.8500000000001,3,72
14476,215.7,1,258
14477,1309.6,4,20
14479,316.25,2,254
14480,279.05,1,12
14481,636.51,2,165
14482,2068.1499999999996,6,19
14483,137.10000000000002,1,282
14484,321.91999999999996,1,51
14485,165.75000000000003,1,39
14487,1071.23,5,27
14488,1064.2800000000002,1,68
14489,463.38000000000005,1,208
14491,213.73000000000002,1,176
14493,2383.24,5,8
14494,139.56,1,26
14495,123.8,2,51
14496,234.46999999999997,1,312
14497,475.3699999999999,1,310
14498,1957.3200000000002,5,43
14499,815.3199999999999,3,27
14500,356.85,3,89
14501,251.21,2,184
14502,2470.6699999999987,11,20
14503,3543.26,6,4
14504,673.26,4,48
14505,5905.640000000001,8,18
14506,1742.4700000000003,4,18
14507,1383.1800000000003,6,24
14508,276.41999999999996,2,23
14511,1314.81,5,12
14512,275.28,2,188
14513,455.59000000000003,3,101
14514,1055.35,3,62
14515,2102.09,6,18
14517,330.45000000000005,2,34
14518,174.37,1,65
14520,270.6,2,2
14522,974.54,4,25
14523,241.09000000000003,1,109
14524,1867.68,9,32
14525,4332.200000000001,9,20
14527,8215.869999999997,54,3
14528,364.22,1,38
14529,620.04,3,61
14530,2925.9099999999994,6,26
14532,932.8499999999999,4,237
14533,1949.7200000000005,7,25
14534,4447.05,18,3
14535,2864.189999999999,3,61
14536,171.8,1,260
14537,355.5600000000001,1,58
14538,388.24999999999994,2,65
14539,537.48,2,16
14540,996.26,3,10
14541,1461.65,8,59
14542,103.25000000000001,1,186
14543,3630.330000000001,16,29
14544,2024.4500000000003,2,25
14546,2578.0899999999997,5,6
14547,4007.539999999999,8,4
14548,652.8,2,151
14549,289.2399999999999,1,312
14550,765.6199999999999,2,11
14551,186.23000000000002,2,19
14552,165.07000000000005,1,152
14553,859.2699999999999,5,20
14554,2381.04,4,11
14555,324.14000000000004,2,58
14557,788.3800000000001,1,86
14560,2237.7700000000004,22,8
14561,1080.7599999999998,3,76
14562,5074.769999999999,18,4
14565,3099.12,4,96
14567,1530.3600000000001,2,57
14569,227.39,1,2
14570,218.05999999999997,2,281
14572,2832.8399999999997,7,4
14573,1240.3200000000002,8,180
14577,859.7099999999999,4,13
14578,168.63,1,4
14581,138.6,1,17
14582,114.11,1,41
14583,1052.55,5,6
14584,1042.2599999999998,4,170
14585,157.05,1,51
14586,237.35999999999996,1,277
14587,1601.1400000000003,9,19
14591,1447.1399999999999,4,16
14592,570.46,3,36
14593,617.99,3,22
14594,124.83000000000001,1,8
14595,1740.6000000000001,6,20
14597,883.1500000000002,2,12
14598,221.97000000000003,1,45
14600,393.3299999999999,1,306
14601,213.96000000000004,1,11
14603,660.0,1,275
14606,11549.769999999995,90,2
14607,16569.5,14,16
14608,1785.15,4,5
14609,601.5600000000001,4,73
14616,406.08000000000004,3,243
14618,553.44,3,10
14619,394.43999999999994,1,246
14620,412.78,2,206
14621,1788.3599999999997,5,2
14622,320.58,1,185
14623,889.2500000000001,5,33
14624,225.84999999999997,2,58
14625,899.63,2,197
14626,2791.2699999999995,4,24
14628,671.96,2,92
14629,959.0099999999995,2,5
14631,1006.98,3,51
14632,114.55999999999999,1,263
14633,344.9000000000001,1,267
14636,609.85,2,37
14638,443.6,1,51
14639,2984.4900000000002,6,53
14640,2125.08,6,25
14641,110.46,1,22
14642,96.12,1,59
14643,693.8100000000001,2,171
14644,830.7600000000001,2,68
14645,597.09,2,157
14647,243.21999999999994,1,202
14649,1417.2899999999995,4,5
14651,654.5999999999999,2,68
14652,114.18000000000002,1,78
14653,1947.55,7,2
14655,1932.2300000000002,4,9
14656,291.05000000000007,2,170
14657,848.2199999999998,4,18
14658,247.15,2,6
14659,2529.9300000000003,9,9
14660,285.74,2,87
14661,107.95,1,27
14662,771.1700000000003,4,29
14664,637.8900000000001,2,20
14665,1835.7000000000003,5,61
14666,195.24999999999997,1,25
14667,8729.64,24,11
14669,1269.9899999999998,3,242
14670,411.53000000000014,2,281
14672,765.5500000000002,2,235
14673,1362.9099999999999,4,4
14675,604.7499999999999,1,17
14676,2548.2400000000002,6,32
14680,27073.230000000003,15,26
14681,498.95,3,72
14682,52.0,2,188
14684,1236.2800000000002,5,26
14687,628.3799999999999,1,107
14688,5185.889999999999,20,8
14689,112.80000000000001,1,209
14690,371.7,2,45
14691,2114.33,5,31
14692,591.55,4,138
14693,172.9,1,265
14696,1784.33,6,5
14697,188.61,2,219
14698,1250.76,5,2
14699,109.12999999999998,1,215
14700,2235.3,3,33
14701,2549.37,9,11
14702,3292.14,17,2
14703,318.1699999999999,1,15
14704,1546.9099999999999,9,12
14705,179.0,1,199
14708,707.31,2,3
14709,4921.04,13,16
14710,606.1299999999999,4,15
14711,2868.8,11,11
14712,917.07,3,30
14713,2666.36,11,10
14714,160.19,1,25
14715,867.3799999999999,4,25
14716,329.68,2,44
14719,1602.1299999999994,5,2
14720,663.81,3,6
14722,187.91999999999996,1,148
14723,907.3599999999997,4,11
14725,718.08,1,25
14727,268.58,1,275
14730,2005.0599999999997,8,2
14731,380.02,3,48
14732,2702.4900000000002,8,9
14733,7755.89,11,17
14735,6065.69,32,4
14737,1164.55,3,4
14738,1314.45,7,43
14739,3188.4,6,5
14740,1448.21,3,198
14741,1215.8400000000001,5,12
14744,874.98,6,17
14745,1220.26,5,113
14747,328.2,1,250
14748,945.33,3,30
14752,389.63999999999993,1,44
14753,563.15,1,88
14754,638.05,2,45
14755,5010.280000000001,11,10
14756,738.9599999999998,1,16
14757,420.5,1,76
14758,1484.0600000000002,4,145
14759,1625.97,3,5
14760,89.2,1,298
14761,255.89999999999998,2,59
14762,300.52,1,264
14764,278.3,1,47
14765,254.10999999999999,3,30
14766,2292.9700000000003,5,9
14768,192.60000000000002,2,18
14769,10674.749999999998,8,3
14770,876.4200000000001,2,233
14772,139.26,1,113
14775,605.34,2,59
14776,2538.2999999999993,11,52
14778,730.86,2,128
14779,386.15,3,281
14780,447.6799999999999,2,55
14782,200.10000000000002,1,320
14784,289.99,2,27
14785,77.4,2,11
14788,679.44,2,8
14789,197.64000000000001,1,29
14790,745.06,4,17
14792,6.2,1,64
14793,228.99,1,22
14794,1319.9099999999999,7,3
14795,131.45,1,167
14796,7351.279999999999,16,2
14798,173.74,3,53
14799,157.7,1,52
14800,3783.8999999999996,11,48
14801,193.1399999999999,1,62
14803,845.55,3,163
14804,353.2699999999999,1,9
14805,554.65,4,16
14806,193.39000000000004,1,76
14808,2741.169999999999,8,40
14810,1907.4400000000003,10,41
14815,778.5,2,37
14816,271.85,1,198
14817,1110.3400000000001,2,201
14818,657.8,3,74
14819,272.07,2,65
14820,507.29,4,22
14823,321.43,3,181
14824,1127.71,4,11
14825,2042.8100000000004,11,4
14828,2139.76,3,197
14829,460.58,3,30
14830,197.13,1,54
14834,1720.3,6,18
14836,102.44999999999999,3,11
14837,1649.5,4,90
14840,62.85,1,268
14841,3295.7599999999998,6,54
14842,2824.6900000000005,4,44
14844,3189.8100000000004,4,64
14847,309.4,1,149
14849,7574.7,22,22
14850,325.75,1,312
14851,511.34999999999997,2,24
14852,2836.69,6,59
14853,475.8,2,25
14854,2759.83,7,79
14855,645.65,2,120
14856,1311.38,3,37
14857,1173.12,2,60
14859,1353.7399999999998,4,13
14860,170.32000000000002,1,20
14861,125.79000000000002,1,53
14862,841.2,2,26
14863,266.76,1,30
14865,15.0,1,8
14866,14286.22,11,11
14867,710.28,3,186
14868,2953.5899999999997,8,4
14869,725.6999999999999,2,9
14870,327.24999999999994,1,262
14871,522.3800000000001,4,4
14873,519.68,1,211
14875,1465.3199999999997,2,108
14878,1485.54,9,13
14880,706.19,3,78
14881,255.4,1,20
14882,589.7,2,27
14883,761.59,6,19
14885,765.3199999999999,1,132
14886,364.80000000000007,1,253
14887,1862.0,1,80
14888,369.2,1,208
14889,135.9,1,337
14890,125.65,1,254
14891,554.38,2,149
14893,1237.8500000000004,2,10
14894,655.7499999999999,1,86
14895,11138.710000000001,20,8
14896,468.77,2,205
14897,1366.38,4,8
14898,1205.0199999999998,5,24
14901,1058.8899999999999,7,12
14902,332.66,1,26
14903,2810.63,5,22
14904,1025.44,2,3
14905,616.15,2,158
14907,2883.0300000000007,6,4
14908,277.79999999999995,1,75
14910,434.35,4,3
14913,1227.43,4,36
14915,307.48,2,92
14916,1268.98,4,71
14918,1610.15,2,116
14920,977.77,2,213
14921,1316.0700000000002,2,31
14923,749.0999999999998,1,51
14924,310.05,1,246
14929,223.88,1,33
14944,5900.25,12,30
14946,100.9,1,15
14947,290.82,2,73
14948,1101.97,6,24
14950,371.2,1,20
14951,311.69000000000005,1,80
14952,8099.49,11,60
14953,289.82,1,26
14954,336.16999999999985,1,13
14957,58.49000000000001,1,254
14958,499.67999999999995,3,148
14959,695.4200000000002,4,65
14960,221.27000000000004,2,9
14961,7044.68,9,11
14962,126.70000000000002,1,271
14963,1487.8,5,10
14964,206.21,1,248
14965,598.9999999999999,2,97
14966,191.3199999999999,1,15
14967,463.8,1,50
14968,147.59,1,31
14970,1592.06,4,69
14971,1116.5699999999997,3,36
14972,114.77000000000002,1,129
14973,1314.45,3,108
14974,114.39,1,38
14975,279.94,1,58
14976,790.8600000000001,7,58
14978,1931.4199999999994,5,73
14981,102.11999999999998,1,247
14984,213.27,2,20
14985,296.74999999999994,2,199
14987,326.4,2,16
14988,334.54,1,212
14995,233.23000000000002,2,39
14997,546.2,3,47
14998,429.87,2,171
15000,490.52,1,48
15002,1010.1100000000002,3,116
15004,1246.3199999999995,1,148
15005,6094.070000000001,27,16
15006,502.08999999999975,1,52
15007,156.91000000000003,1,160
15009,1261.7799999999997,3,13
15010,308.94000000000005,1,36
15012,231.98000000000002,1,54
15014,260.16999999999996,2,44
15016,170.04,1,173
15017,125.58000000000003,1,34
15018,384.96,2,39
15019,265.9999999999999,1,267
15021,1709.1799999999996,8,9
15022,905.04,4,12
15023,6342.159999999999,10,4
15024,1170.1100000000001,8,10
15025,377.01,1,34
15026,469.0,3,81
15027,1066.1499999999999,4,31
15028,441.15999999999997,3,9
15030,518.28,2,72
15031,668.14,4,5
15032,2188.5,1,257
15033,2586.6700000000005,10,5
15034,4308.61,8,16
15035,252.72999999999996,1,90
15036,465.54999999999984,3,73
15038,579.06,5,59
15039,19302.930000000008,46,10
15041,180.35000000000002,1,171
15042,135.93,1,200
15043,537.0,1,32
15044,7700.230000000002,17,20
15045,735.66,2,152
15046,5213.77,15,10
15047,343.62,1,270
15048,285.35,3,66
15049,121.17000000000002,1,274
15050,1782.0900000000001,3,26
15051,1391.6100000000001,3,24
15052,215.78,1,320
15053,697.79,3,5
15054,302.0999999999999,2,13
15057,1489.5,2,276
15058,2124.99,11,26
15059,1337.7200000000003,9,41
15060,303.09,4,9
15061,43104.64000000001,41,4
15062,987.8599999999999,4,72
15063,370.79999999999995,1,214
15065,3158.13,4,38
15066,893.59,1,54
15067,1744.7599999999998,3,79
15068,553.36,2,47
15069,1109.5300000000007,1,180
15071,982.0699999999998,2,94
15073,1043.41,3,10
15074,748.8700000000002,1,106
15075,773.0300000000002,1,78
15076,880.8500000000004,1,173
15078,9267.960000000001,30,8
15079,895.6100000000001,4,213
15081,393.65,4,23
15083,88.19999999999999,1,257
15087,306.94,1,282
15088,1160.07,2,22
15089,2420.8400000000006,6,11
15090,381.32000000000005,1,309
15091,480.71,1,68
15092,457.81000000000006,2,216
15093,3973.29,5,19
15095,1370.6,4,104
15096,219.39,1,43
15097,248.07999999999996,1,5
15098,39916.5,3,183
15099,410.48,1,85
15100,175.2,1,334
15101,317.53,2,9
15103,703.36,2,32
15104,1027.4399999999998,2,197
15105,2298.93,7,19
15106,1422.5199999999998,5,18
15107,203.5,5,312
15109,484.95,1,246
15110,996.1000000000001,4,24
15111,1278.98,2,30
15113,3609.3300000000004,3,10
15114,2760.5599999999995,10,31
15115,340.11000000000007,1,19
15116,1352.75,4,18
15117,1551.7799999999997,5,15
15118,244.8,1,135
15119,266.4,1,246
15120,358.8199999999999,1,134
15121,457.72,2,51
15122,1633.78,3,115
15123,2199.3099999999995,2,8
15124,184.19,2,23
15125,11528.480000000001,15,26
15127,406.53000000000003,1,66
15128,1470.9999999999998,4,61
15129,3447.3999999999996,11,51
15130,330.11,1,170
15132,977.9300000000001,5,19
15133,982.4200000000001,3,128
15134,1387.9900000000002,8,15
15135,139.04999999999998,1,240
15136,1286.7000000000003,4,3
15139,178.96000000000004,2,240
15140,2354.2500000000005,7,53
15142,498.74,1,47
15143,259.45,1,226
15144,6580.4400000000005,17,9
15145,1194.7299999999998,4,5
15146,1327.1600000000005,2,165
15147,623.5,1,241
15148,301.28999999999996,1,11
15149,520.8,1,134
15150,5314.47,10,18
15152,4745.690000000001,13,10
15153,329.25,1,32
15154,296.41999999999996,1,76
15156,961.49,3,2
15157,1936.07,3,4
15158,401.4000000000001,1,46
15159,18641.010000000006,30,2
15160,158.16000000000003,1,358
15163,304.47,2,19
15164,843.0499999999998,3,69
15167,162.99999999999997,1,321
15168,106.56,1,26
15171,1289.5,1,332
15172,1624.0500000000002,5,9
15174,135.75,1,323
15175,224.14000000000007,1,72
15178,40.5,1,261
15179,2206.9500000000003,5,19
15181,689.48,3,67
15182,622.8500000000001,2,155
15184,406.76,2,30
15185,310.62000000000006,1,71
15186,411.40999999999997,2,15
15187,4777.18,16,2
15189,16225.390000000003,41,2
15192,1044.32,3,120
15193,499.32,1,61
15194,7210.37,14,4
15195,3861.0,1,3
15197,1079.61,3,11
15198,193.64,2,93
15199,1268.7,4,60
15201,1236.5400000000004,5,88
15203,1827.8000000000002,6,26
15204,316.58000000000004,1,358
15205,653.24,2,86
15206,420.29999999999995,4,11
15208,870.12,5,2
15210,331.18,1,226
15211,894.4100000000001,2,61
15212,101.79999999999998,1,242
15213,328.3499999999999,2,319
15214,1661.44,8,2
15215,734.94,3,47
15216,96.6,1,88
15218,5756.89,11,11
15219,305.75,1,177
15220,1778.96,6,52
15222,585.0,1,319
15223,755.75,2,226
15224,322.08,2,359
15225,409.4000000000001,1,235
15226,154.41,1,311
15227,1219.3999999999999,5,37
15228,3386.71,4,67
15230,429.6,2,240
15232,612.06,2,114
15234,197.0,1,277
15235,2082.46,10,218
15236,321.05,1,299
15237,1412.3200000000004,4,2
15238,1071.99,3,30
15239,780.59,2,11
15240,1706.5700000000002,5,45
15241,1756.44,8,67
15243,316.68,1,75
15244,631.57,2,66
15245,2515.84,3,135
15246,514.15,2,239
15247,356.0,1,123
15249,6688.46,13,32
15251,10484.990000000002,11,10
15252,740.78,2,37
15253,918.2,5,17
15254,300.36000000000007,1,128
15255,890.8499999999999,1,67
15256,98.45,1,149
15257,317.15,1,284
15258,623.1600000000001,2,169
15260,1390.27,5,101
15261,254.82000000000002,1,136
15262,178.95000000000002,1,324
15263,156.50999999999996,1,107
15264,393.74000000000007,1,65
15265,1506.12,2,152
15266,119.30000000000001,1,339
15267,1717.36,5,23
15269,408.8,1,24
15270,2379.49,7,16
15271,2507.0699999999997,15,8
15272,721.9399999999999,2,58
15274,716.5699999999999,2,5
15275,615.1399999999999,1,38
15276,135.31000000000003,1,67
15277,255.89999999999998,1,47
15279,290.51,1,355
15280,113.12,1,173
15281,2332.1499999999996,9,59
15286,240.55,1,50
15287,486.69000000000005,2,23
15288,2306.52,5,44
15289,939.78,3,30
15290,7943.219999999998,18,5
15291,4339.5,14,26
15292,180.93999999999997,1,202
15296,3672.8599999999997,6,51
15297,641.94,3,11
15298,4402.3,11,3
15299,2672.0,4,68
15300,496.4399999999999,1,65
15301,4396.9800000000005,11,51
15303,574.02,1,291
15304,571.25,7,61
15306,1174.35,3,65
15307,205.3,1,96
15308,310.47,1,275
15311,59416.189999999995,88,1
15312,924.8500000000001,4,76
15313,52.0,1,111
15314,327.97,1,200
15315,570.5,2,65
15316,165.0,1,327
15318,312.62,1,4
15319,204.5,1,284
15320,267.13,1,45
15321,2748.310000000001,3,71
15322,679.6799999999998,1,86
15325,162.2899999999999,1,104
15326,311.71,1,334
15327,208.75000000000003,1,53
15329,1049.7000000000003,3,40
15330,714.96,2,33
15333,1028.56,1,209
15334,351.66999999999996,3,157
15335,173.97000000000003,1,54
15339,574.0699999999999,2,67
15341,2020.52,1,81
15342,406.0899999999999,1,130
15343,364.5,1,88
15344,563.9399999999999,3,1
15345,393.54,1,46
15346,252.42000000000004,1,333
15348,158.03999999999996,1,73
15349,473.8099999999999,2,159
15351,1685.44,6,13
15353,465.3699999999999,1,255
15355,277.05,2,30
15356,2616.2799999999997,9,32
15358,8347.199999999999,22,5
15360,427.92999999999995,1,40
15361,418.9200000000001,1,362
15364,913.1900000000002,2,96
15365,2314.32,7,26
15366,602.5100000000001,2,76
15367,1877.5899999999997,4,58
15368,446.94000000000005,1,22
15370,2386.05,7,41
15372,2007.4,1,138
15373,2081.61,11,9
15374,168.0,1,129
15376,1233.3600000000001,3,41
15379,3703.290000000001,7,170
15380,1690.2600000000002,5,9
15381,596.85,2,214
15382,5955.709999999999,6,15
15384,642.4099999999999,2,170
15385,316.88,1,41
15386,394.14000000000004,1,187
15389,500.0,1,173
15392,1535.5299999999997,4,5
15393,231.86,2,17
15394,2183.54,4,10
15395,107.45000000000002,1,326
15396,288.17999999999995,1,113
15397,94.0,1,290
15398,1345.53,2,17
15399,815.7700000000001,3,2
15400,716.2,5,93
15402,626.77,2,149
15405,349.1,1,190
15406,510.7099999999999,2,32
15407,1056.4399999999998,4,34
15408,267.17999999999995,1,265
15410,3450.8399999999997,8,85
15411,1358.8799999999999,4,27
15412,190.53000000000003,1,172
15414,774.8999999999999,3,10
15415,572.8099999999998,1,314
15416,3984.3199999999993,4,65
15417,508.8000000000001,1,86
15419,135.86,1,25
15421,950.3600000000001,4,59
15422,97.7,2,324
15423,43.5,1,39
15424,383.34000000000003,2,255
15426,1035.9699999999998,4,20
15427,1483.1399999999999,3,34
15428,93.78,1,16
15429,397.35,2,27
15432,171.19,1,24
15433,533.3,2,214
15434,1041.4800000000002,5,9
15435,149.29000000000005,1,23
15436,1122.5299999999997,3,13
15437,200.16000000000003,1,263
15438,156.57999999999998,1,132
15440,383.68000000000006,3,55
15442,594.0,1,249
15443,3236.9099999999994,7,2
15444,1418.26,2,10
15445,113.5,1,265
15447,155.17,1,331
15448,494.64000000000004,1,313
15449,974.5199999999998,3,27
15450,429.84,1,31
15452,538.7299999999999,3,30
15453,1388.37,7,2
15454,179.10000000000002,1,363
15456,447.22,3,284
15457,237.07000000000002,1,263
15458,161.64,1,26
15460,216.76,1,355
15462,234.60000000000002,3,95
15463,126.14,1,30
15464,1048.8500000000006,1,339
15465,6818.870000000001,17,20
15466,334.53000000000014,1,86
15467,524.8799999999999,3,10
15468,467.50999999999993,2,52
15469,538.55,2,51
15471,469.47999999999985,1,3
15472,371.56,1,114
15473,1771.2,7,15
15475,454.10999999999984,1,78
15478,1441.42,2,41
15482,11054.96,12,16
15483,233.81000000000006,4,162
15484,3594.3099999999995,4,2
15485,1624.9099999999999,2,31
15488,91.32000000000001,1,93
15489,1134.2799999999997,3,23
15491,3100.0899999999997,6,96
15492,659.4599999999999,2,29
15493,2001.7999999999997,5,33
15494,1299.2300000000005,2,22
15497,1262.2,2,18
15498,12339.68,25,3
15500,1131.56,4,9
15502,9455.530000000002,9,16
15503,147.09000000000003,1,363
15504,52.83000000000001,1,82
15505,3610.96,5,53
15506,979.2599999999999,3,23
15507,492.35999999999996,1,172
15508,1000.27,6,190
15510,250.0,1,331
15511,909.23,5,12
15512,121.0,2,156
15513,14401.220000000001,18,34
15514,4139.459999999999,11,13
15516,62.43,3,45
15517,267.03000000000003,1,234
15518,1942.4499999999998,8,65
15520,343.49999999999994,1,2
15521,3000.2000000000007,8,41
15522,398.84000000000003,2,33
15523,412.00999999999993,1,85
15524,440.0,1,25
15525,511.98999999999995,2,3
15526,148.44,2,34
15527,2429.78,8,19
15528,229.32999999999993,1,255
15529,3699.5699999999997,10,23
15530,1502.35,4,22
15531,2007.4400000000003,2,9
15532,1580.9299999999996,4,26
15533,807.5699999999999,3,20
15535,536.4,4,174
15537,110.92000000000003,1,164
15539,538.46,1,8
15540,213.30000000000004,1,12
15541,85.13000000000002,1,115
15543,127.85999999999999,1,289
15544,3192.17,8,10
15545,157.39000000000001,1,55
15547,4954.839999999999,14,8
15549,1693.2599999999998,3,78
15550,575.63,4,5
15551,436.05999999999995,1,37
15552,90.12,1,218
15553,437.22999999999985,1,61
15554,217.2,1,278
15555,4606.74,15,13
15556,279.77,1,25
15557,473.65,1,29
15561,800.59,4,12
15562,134.55,1,352
15563,1400.4400000000003,4,23
15565,173.16000000000003,2,51
15567,186.01000000000002,1,19
15568,758.29,3,3
15569,1375.7099999999998,5,104
15570,3647.8700000000003,11,8
15571,650.4300000000001,4,12
15572,2552.86,7,5
15573,607.45,2,32
15574,326.59999999999997,3,178
15576,940.6700000000002,1,38
15577,258.88,3,152
15578,127.1,1,163
15579,348.6,2,69
15581,3407.63,12,121
15582,682.9100000000001,3,25
15584,725.1099999999999,4,24
15585,455.30000000000007,1,177
15587,913.6800000000001,4,51
15589,478.53,3,256
15592,388.58,1,47
15593,199.8,1,71
15594,1771.7799999999997,5,16
15596,1406.5900000000001,5,101
15597,324.57,1,36
15598,240.68,1,54
15599,761.74,2,27
15601,6008.18,13,12
15602,1205.32,8,9
15603,48.480000000000004,1,79
15604,216.39000000000001,1,53
15605,1003.3800000000001,4,37
15606,2920.16,9,62
15607,104.76,1,337
15608,1093.68,4,29
15609,298.48,1,185
15610,112.46,1,52
15611,1591.45,13,10
15612,195.15,2,37
15615,10399.740000000002,23,11
15618,776.851,4,33
15619,336.40000000000003,1,11
15620,1553.1799999999998,3,57
15621,1293.03,4,5
15622,3709.559999999999,9,44
15623,301.03,1,142
15624,588.13,4,117
15625,1534.2600000000002,4,104
15626,675.8,2,75
15628,2551.06,8,5
15630,1186.35,2,46
15632,3285.3099999999995,8,16
15634,243.55,1,18
15636,724.76,2,90
15637,223.36,1,53
15639,425.31999999999994,1,135
15640,12181.940000000006,14,5
15641,1887.1999999999998,4,106
15643,664.0,3,192
15644,812.9999999999999,4,167
15645,612.0099999999998,1,19
15646,257.84000000000003,2,158
15648,657.3499999999999,2,205
15649,306.0,1,337
15651,646.3000000000001,3,37
15652,337.74,1,92
15653,877.4399999999999,2,93
15654,922.5300000000002,2,10
15655,560.67,1,244
15656,748.5000000000001,4,46
15657,30.0,1,23
15658,717.9000000000001,4,191
15659,306.45000000000005,1,44
15660,1600.86,9,26
15661,309.79999999999995,2,318
15663,138.14000000000001,1,107
15664,386.43,1,51
15665,2242.0100000000007,2,169
15667,301.32000000000005,1,40
15668,76.32000000000001,1,218
15669,684.3399999999999,4,41
15670,173.05,1,297
15671,2657.13,7,19
15673,2881.0200000000004,4,89
15674,2446.6,5,74
15675,323.69,3,82
15676,3435.7599999999993,3,19
15677,657.23,1,50
15678,352.70000000000005,1,53
15679,781.2799999999999,4,25
15680,854.79,2,10
15681,1426.16,5,26
15683,193.75,1,118
15687,2993.1,9,9
15689,254.1,2,120
15690,239.76,2,5
15691,136.8,1,253
15692,191.04000000000002,1,29
15694,6173.0,13,1
15695,409.9800000000001,2,267
15696,2736.46,8,34
15699,309.6499999999999,1,18
15700,696.6799999999996,2,173
15701,1542.14,4,3
15703,211.5,1,265
15704,2293.62,4,141
15705,143.10000000000002,1,202
15706,1060.56,4,64
15707,945.5799999999999,4,36
15708,3013.5600000000004,6,41
15709,133.25,1,284
15712,1072.36,5,10
15713,185.55,1,144
15714,330.88,2,12
15716,571.71,3,146
15717,150.3,1,235
15719,5045.609999999999,13,33
15720,598.7300000000001,1,25
15721,507.0799999999998,1,12
15722,2222.5600000000004,5,36
15723,203.1,1,365
15724,218.25,2,202
15725,415.2500000000001,1,16
15727,5178.96,7,17
15729,85.0,1,213
15730,1120.88,3,66
15732,156.01999999999998,1,213
15733,162.3,1,283
15734,1339.4500000000003,2,115
15737,1205.12,8,15
15738,4482.7699999999995,15,19
15739,449.12000000000006,1,67
15740,154.88000000000002,1,50
15743,784.4600000000002,4,17
15744,34.8,1,78
15745,1094.59,4,20
15746,196.87999999999997,1,135
15747,974.0400000000002,3,13
15748,149.30999999999995,1,41
15749,44534.3,3,236
15750,2124.96,6,3
15752,2377.7300000000005,6,40
15753,79.2,1,305
15754,458.56999999999994,3,52
15755,2364.25,6,11
15756,532.9600000000002,4,62
15757,714.42,2,66
15758,205.25,1,25
15759,253.04000000000002,3,219
15762,583.75,2,66
15763,1086.92,2,32
15764,3279.9699999999993,6,89
15766,315.05999999999995,1,65
15768,621.8299999999999,3,116
15769,56160.92,25,8
15773,635.6800000000001,1,6
15774,270.8,1,69
15775,104.9,1,246
15776,241.62000000000003,1,134
15777,1047.11,4,242
15780,475.28,3,184
15781,345.46000000000004,3,26
15782,2614.7400000000002,3,10
15783,246.3,1,11
15785,2328.97,5,33
15786,4932.200000000003,3,47
15787,948.05,3,27
15789,351.3,1,359
15790,220.84999999999997,1,11
15791,1612.6900000000003,2,44
15793,965.61,3,15
15795,610.0100000000001,1,150
15796,2711.56,8,2
15797,2207.4,4,114
15799,884.1400000000001,3,76
15800,699.0799999999999,2,108
15801,1063.9499999999998,3,47
15802,451.42,1,143
15803,415.82,1,52
15804,4206.389999999999,13,1
15805,5528.479999999999,17,24
15806,784.5799999999999,3,47
15807,903.8999999999999,3,51
15808,2713.5200000000004,3,307
15809,515.77,5,37
15810,1391.9799999999998,4,79
15811,2218.6200000000003,6,23
15812,1801.1400000000003,5,108
15813,1303.91,2,208
15814,1945.3300000000004,4,17
15815,2100.6,5,64
15819,1905.4499999999998,4,50
15820,206.98000000000002,1,320
15821,570.96,2,45
15822,885.47,2,4
15825,532.94,1,173
15826,1654.31,3,57
15827,1645.16,12,74
15829,636.1400000000001,2,100
15830,576.0,1,38
15831,801.7600000000001,3,59
15832,836.7899999999998,1,255
15834,2233.7499999999995,4,71
15835,954.0899999999999,4,45
15836,137.37,1,51
15837,391.97999999999996,1,65
15838,32685.579999999998,18,12
15839,1048.4900000000002,3,34
15840,355.56,2,59
15841,1224.06,4,73
15843,118.95,1,304
15844,130.74,1,47
15845,3711.77,8,18
15847,389.2699999999999,2,39
15850,238.85000000000008,2,20
15852,160.71,2,187
15853,110.80000000000001,1,52
15854,2974.6499999999996,12,5
15855,712.24,5,137
15856,16387.57,27,5
15857,297.0,1,19
15858,1054.9200000000003,4,16
15860,874.55,7,41
15861,3165.3599999999997,8,13
15862,478.65,3,9
15863,68.84,2,26
15864,1936.3200000000002,6,23
15865,895.1299999999999,3,41
15866,230.52999999999994,1,102
15867,3699.7400000000002,14,6
15869,149.64,2,278
15870,354.0899999999999,1,33
15872,360.9299999999999,2,15
15874,4405.88,7,64
15877,493.28,2,2
15881,501.39,5,313
15882,145.04,2,199
15883,396.4799999999999,2,3
15885,379.34999999999997,3,93
15886,181.09,1,61
15888,168.31,1,81
15889,148.95000000000002,1,157
15891,524.52,1,227
15894,106.81,1,254
15895,179.17,1,150
15897,222.04999999999998,2,195
15898,867.19,3,2
15900,351.1099999999999,1,24
15901,363.88000000000005,3,17
15903,5126.76,7,10
15904,164.67999999999998,1,9
15906,1567.6899999999998,7,20
15907,967.4499999999998,3,4
15909,191.93999999999997,1,174
15910,1232.1800000000003,8,1
15912,264.62,2,179
15916,1295.6399999999999,6,17
15917,123.10000000000001,1,248
15918,334.22999999999996,2,191
15919,369.1699999999999,1,20
15920,167.5,4,155
15921,336.03000000000003,1,173
15925,207.15,1,195
15930,426.63000000000017,1,68
15932,2495.87,8,5
15933,1107.4599999999998,3,22
15935,416.86,2,240
15937,145.35,1,65
15938,404.58000000000004,5,113
15939,6115.01,15,90
15940,35.8,1,312
15942,337.43999999999994,1,134
15944,325.1,1,277
15945,181.0,1,366
15947,1708.2400000000002,1,83
15948,955.24,2,9
15949,364.71999999999997,2,17
15950,1765.5099999999998,4,32
15951,708.2199999999998,2,9
15952,806.5700000000002,4,34
15953,1449.54,7,16
15955,3843.88,13,25
15957,428.88999999999993,1,32
15958,104.35,1,75
15963,470.76,2,20
15965,689.4499999999998,3,18
15967,418.83000000000004,2,24
15969,666.1,3,3
15970,314.1,1,304
15971,4199.85,12,18
15974,3442.1499999999996,7,40
15975,371.01,1,85
15976,430.93999999999994,2,166
15977,1054.73,2,18
15978,1098.7800000000002,1,78
15980,2398.86,3,89
15981,3408.4799999999996,8,25
15983,1034.1299999999999,3,23
15984,2714.9700000000003,9,3
15985,1142.42,2,124
15986,168.12,1,31
15987,1337.8,6,13
15988,158.03000000000003,1,20
15990,792.1100000000001,2,45
15992,41.989999999999995,1,4
15993,2797.569999999998,7,9
15994,427.07000000000005,1,55
15996,797.4300000000001,5,89
15998,3089.9700000000003,5,37
16000,12393.7,3,3
16003,2735.370000000001,5,30
16005,615.3899999999999,4,13
16006,101.39999999999999,1,212
16007,1701.9400000000005,4,48
16008,478.78000000000003,3,24
16009,992.7099999999999,4,23
16010,407.5,3,246
16011,3124.76,15,9
16012,1415.29,3,36
16013,36068.59999999999,45,4
16014,662.3799999999999,3,38
16015,705.3900000000003,3,4
16016,1126.49,7,4
16017,211.87999999999994,1,48
16018,408.9,2,40
16019,3786.24,9,47
16020,851.0100000000001,3,17
16022,628.2800000000001,1,261
16023,719.8100000000001,3,47
16024,251.23999999999992,1,13
16025,439.66,1,30
16026,236.09000000000006,1,44
16027,934.62,6,92
16029,76753.31999999999,60,39
16030,331.24000000000007,1,310
16031,548.94,2,93
16033,8660.760000000002,19,6
16034,437.69999999999993,3,197
16036,758.9200000000001,2,88
16037,855.0200000000001,3,270
16038,471.78,3,8
16040,1313.55,3,66
16041,3166.4,3,31
16042,1197.2699999999998,5,23
16043,773.99,4,38
16045,1340.7,4,120
16049,1111.789999999999,3,41
16050,137.9,1,174
16052,362.06000000000006,1,55
16053,1511.9499999999996,2,33
16054,783.8999999999999,1,146
16055,134.8,1,221
16056,664.85,1,46
16057,2263.12,7,17
16059,1341.61,5,66
16062,1153.6200000000001,4,10
16063,335.32000000000005,1,261
16065,372.0900000000001,1,366
16066,1521.8699999999997,5,17
16070,852.1499999999999,2,23
16071,326.24000000000007,1,45
16072,584.3199999999999,1,289
16073,122.39999999999999,1,298
16076,2234.7299999999996,10,4
16078,79.2,1,284
16079,1352.0,3,17
16080,217.16000000000003,2,82
16081,2649.2999999999997,4,57
16083,1317.6200000000001,2,101
16084,436.17999999999995,1,300
16085,981.5100000000001,5,24
16086,944.1300000000001,4,60
16091,315.06,2,155
16092,817.86,3,115
16093,17.0,1,107
16094,1078.23,4,12
16096,320.62,1,265
16097,185.05,1,241
16098,1575.03,6,88
16099,731.9,3,51
16101,1290.7,1,71
16102,1842.14,3,43
16103,1429.64,6,8
16104,302.36,1,62
16105,336.96,1,249
16106,108.38,1,66
16107,3204.1600000000003,7,18
16108,842.5,1,85
16109,611.8799999999999,2,219
16110,1337.48,3,46
16112,195.74,4,144
16113,161.38000000000002,1,184
16114,135.75000000000003,1,171
16115,1667.97,8,10
16116,612.7800000000001,1,212
16117,232.21,1,190
16119,423.36,2,9
16120,1309.1399999999999,4,60
16121,867.1099999999999,2,58
16122,578.7,3,74
16123,307.78,1,52
16124,249.0,1,318
16126,6287.77,4,30
16127,656.2500000000001,1,40
16128,1880.22,5,18
16131,3506.54,6,52
16133,14589.039999999999,33,4
16134,618.0899999999999,2,22
16135,517.5499999999998,1,263
16136,709.3800000000001,3,60
16139,635.4100000000001,3,19
16140,601.04,1,66
16141,620.4,1,89
16142,535.3400000000001,1,250
16143,2069.19,5,4
16144,175.2,1,247
16145,3799.4900000000002,11,9
16146,734.13,3,158
16147,375.0,1,134
16148,76.32000000000001,1,297
16149,280.52000000000004,2,5
16150,1659.6000000000001,4,43
16152,1829.04,1,269
16153,1824.23,5,50
16156,3122.0400000000004,9,9
16157,656.69,3,16
16159,348.2000000000001,1,282
16160,1025.4400000000003,2,66
16161,5411.360000000001,18,2
16162,37.4,1,253
16163,856.6000000000001,2,233
16164,822.48,3,18
16168,3511.7999999999997,26,11
16169,1822.9700000000003,4,9
16170,1885.0500000000004,6,51
16171,73.2,1,60
16172,1140.21,5,96
16173,1418.3199999999997,6,16
16174,1009.5500000000001,3,127
16175,1037.59,4,95
16177,331.95,1,51
16178,197.90000000000003,1,139
16179,215.83,1,61
16180,10254.18,8,101
16181,305.5400000000001,1,74
16182,6617.65,4,73
16183,338.7100000000001,1,68
16184,1158.79,6,65
16185,529.41,2,17
16186,3699.2600000000007,11,23
16187,6911.440000000001,15,32
16188,981.8599999999999,4,45
16189,215.48,2,16
16190,215.08,1,41
16191,5180.5199999999995,13,3
16193,314.45,1,237
16198,400.681,1,76
16200,1080.62,2,5
16201,1863.47,4,4
16202,365.27000000000004,1,361
16203,422.2,3,59
16204,405.71000000000004,1,24
16205,761.3799999999999,4,31
16206,537.06,4,55
16207,394.38,1,26
16208,664.26,2,45
16209,2262.62,5,89
16210,16347.76,16,2
16211,547.02,1,89
16212,690.3399999999999,2,20
16213,159.0,1,79
16214,1062.75,3,171
16215,242.35000000000002,1,81
16216,914.9300000000002,1,268
16217,304.25,2,236
16218,2613.38,6,30
16221,698.12,2,37
16222,846.7200000000007,1,319
16224,1295.2999999999997,4,58
16225,1096.3200000000002,5,45
16226,255.12,3,204
16227,314.22,1,226
16229,1010.5999999999998,2,88
16230,542.03,2,190
16232,990.88,4,44
16233,389.28,2,72
16235,867.3100000000001,5,41
16236,432.19999999999993,1,79
16239,414.2,2,57
16240,3718.8000000000006,2,25
16241,2330.2200000000003,12,10
16242,3603.209999999999,7,9
16243,409.0999999999999,2,34
16244,466.12,1,212
16245,1413.66,3,24
16247,114.56,1,171
16248,152.94,1,62
16249,1800.0700000000002,5,53
16250,163.3,1,262
16253,3683.8600000000006,2,67
16255,2619.91,8,17
16256,752.4300000000002,1,267
16257,46.95,1,177
16258,5203.51,5,46
16260,1035.45,1,51
16261,746.8300000000002,4,18
16265,5447.0,9,10
16266,861.89,7,74
16268,667.6499999999999,2,72
16270,1141.2399999999996,1,354
16271,1429.24,5,3
16272,411.7000000000001,1,117
16275,559.8699999999999,1,197
16276,810.6000000000001,1,177
16278,566.3799999999999,1,101
16279,1509.58,3,22
16281,2062.06,1,73
16282,168.3,1,340
16283,1570.8099999999995,5,6
16284,823.97,2,32
16287,142.5,1,170
16292,302.25,1,122
16293,1870.2399999999998,9,22
16295,1328.5499999999997,4,10
16297,301.90000000000003,1,269
16298,598.2,3,23
16302,233.22,1,127
16303,5360.630000000001,3,26
16305,361.2199999999999,1,139
16306,564.17,5,214
16308,2560.0,4,38
16309,706.5699999999999,2,107
16311,616.26,2,18
16313,274.15000000000003,2,4
16315,226.37,1,331
16316,2938.9100000000003,8,65
16317,1341.65,3,120
16318,328.15,1,36
16319,404.40000000000003,1,218
16322,326.75,2,2
16323,207.50000000000003,1,197
16324,428.6799999999999,3,129
16325,594.24,3,47
16326,3110.9599999999996,14,6
16327,3308.619999999999,5,15
16330,251.91,3,18
16332,1593.2000000000003,7,29
16333,26626.800000000003,22,8
16337,151.05,1,37
16338,214.80000000000004,1,158
16339,109.95000000000002,1,285
16340,549.0699999999998,1,108
16341,1971.8700000000003,4,25
16342,322.40999999999997,4,76
16343,370.48,2,17
16344,101.10000000000001,1,159
16345,575.4100000000001,1,45
16347,887.6500000000001,2,12
16348,1469.45,7,33
16349,53.5,1,291
16350,1116.4699999999998,4,22
16351,153.9,1,333
16352,494.44000000000005,2,18
16353,6471.710000000001,22,4
16354,395.79999999999995,2,64
16356,211.77,3,198
16357,658.8799999999999,3,34
16358,2027.5000000000005,4,2
16359,1750.92,9,8
16360,3512.5299999999997,6,5
16361,896.6600000000001,4,10
16362,734.7699999999999,5,33
16363,109.36000000000001,1,54
16364,707.04,2,12
16365,1400.56,8,18
16366,327.3,1,19
16367,804.4899999999998,2,38
16368,497.42999999999995,2,3
16369,1553.66,3,19
16370,1320.5599999999995,4,83
16372,367.9299999999999,2,34
16374,473.02999999999986,2,67
16376,987.0100000000004,2,9
16377,676.2,1,268
16378,362.94999999999993,3,248
16379,2157.4,4,5
16380,1780.5900000000001,1,62
16383,668.3600000000001,2,75
16384,584.5,2,90
16385,407.6600000000001,2,61
16386,317.2,2,29
16387,94.36,1,323
16389,1382.0700000000002,4,54
16392,221.19000000000005,1,270
16393,2861.4100000000003,12,3
16394,1555.3400000000001,5,57
16395,1486.9,5,61
16398,1705.8000000000002,2,155
16399,408.57000000000005,2,20
16400,303.93,1,95
16401,4098.32,12,2
16402,87.8,1,265
16403,177.5,1,313
16404,443.0500000000001,1,71
16405,167.25,2,303
16406,163.07,1,19
16407,2126.93,10,13
16409,2028.8799999999997,5,37
16411,83.15,1,20
16412,151.83,1,54
16413,262.20000000000005,1,57
16414,126.25,2,22
16415,210.34999999999985,1,45
16416,1051.3999999999996,3,27
16418,675.27,3,45
16419,972.2300000000001,6,113
16422,33016.2,50,18
16423,346.12,1,25
16424,133.56,1,192
16425,302.69999999999993,1,303
16426,1908.2500000000002,10,3
16427,241.06,2,264
16429,284.55,1,107
16430,300.85,1,58
16431,642.81,3,214
16432,287.4,1,65
16433,184.26000000000002,1,29
16434,1522.25,7,30
16438,798.35,5,6
16440,3640.67,5,8
16441,381.2,2,68
16442,616.79,3,2
16444,654.6700000000001,4,47
16445,230.51000000000002,1,34
16446,168472.5,2,1
16447,259.0099999999998,1,136
16448,188.89,1,199
16449,707.6899999999998,2,198
16450,311.92,1,150
16451,266.97,1,88
16454,6.9,2,45
16455,1459.8799999999999,5,64
16456,1370.9699999999998,4,100
16457,208.36,1,219
16458,3482.74,18,3
16460,814.7199999999999,3,29
16461,151.42,1,178
16462,136.0,3,74
16463,1422.4,4,22
16464,1314.6799999999998,3,20
16466,1603.46,7,34
16468,74.9,1,75
16469,650.4300000000001,4,24
16470,762.3900000000001,4,52
16471,223.95,1,275
16473,316.11,3,165
16474,1871.5000000000002,7,8
16475,544.3,4,89
16477,2268.8100000000004,6,64
16478,331.00000000000006,3,26
16479,300.83000000000004,2,11
16480,769.2899999999995,1,76
16482,220.61999999999998,1,16
16483,139.35000000000002,1,193
16484,404.29999999999995,2,174
16485,363.65,1,78
16488,498.8,3,34
16491,731.5,1,47
16493,1351.6299999999999,4,80
16494,826.5299999999999,1,297
16495,684.4099999999999,3,4
16496,1599.52,3,9
16497,2965.6899999999996,6,50
16498,100.97000000000001,2,162
16499,365.45,2,361
16500,400.86,6,5
16503,1431.9299999999998,4,107
16504,484.37999999999977,1,26
16505,777.6,1,32
16506,90.30000000000001,2,20
16509,363.7,1,297
16511,950.26,3,22
16513,874.5900000000001,4,5
16515,1627.1299999999997,5,53
16516,101.7,1,31
16517,162.70000000000005,1,278
16518,484.32000000000005,2,62
16519,215.08,2,26
16520,1046.5699999999997,3,187
16523,9418.470000000001,21,2
16525,12616.01,25,3
16526,290.35999999999996,1,172
16527,228.06000000000003,1,82
16528,244.41,1,4
16529,455.25,1,191
16531,1244.59,7,23
16532,6748.8,3,18
16533,1095.56,3,20
16535,593.75,1,6
16536,548.97,1,111
16539,946.46,3,3
16542,119.62,1,54
16545,339.3,1,165
16546,487.75,1,291
16549,4154.64,10,11
16550,1744.31,4,109
16551,922.1200000000001,3,96
16552,284.44,1,243
16553,5719.820000000001,12,164
16554,837.1000000000001,3,43
16555,285.89,2,36
16556,3313.7899999999995,7,67
16557,281.85,2,25
16558,7769.090000000001,19,1
16560,841.4099999999999,2,27
16561,511.12,2,6
16563,1077.74,1,54
16565,173.7,1,365
16566,614.66,5,16
16567,865.5999999999999,2,195
16569,124.2,1,4
16570,3738.4,10,16
16571,1421.69,3,27
16572,1009.5999999999999,3,128
16573,663.6099999999999,2,85
16574,451.43999999999977,1,72
16581,105.84,1,183
16582,313.61999999999995,1,114
16584,936.0800000000002,2,81
16586,463.95,1,249
16587,225.14999999999995,1,233
16589,459.23999999999995,3,72
16591,213.5,1,69
16592,4113.679999999999,16,5
16593,330.03,3,51
16594,181.08999999999997,1,76
16595,360.1600000000003,1,62
16596,129.5,1,16
16597,90.04000000000002,1,5
16598,145.05,1,286
16600,813.52,6,5
16601,244.79999999999995,1,41
16602,528.0799999999999,1,37
16603,482.47,2,75
16607,3347.7100000000005,14,18
16609,5493.459999999999,7,16
16610,75.66,1,220
16611,129.49,1,187
16612,1187.66,4,33
16613,618.59,1,71
16614,506.18999999999994,1,183
16616,500.4200000000001,2,16
16617,151.85000000000002,1,236
16618,2647.5899999999992,5,32
16619,226.21,1,264
16620,178.96,2,4
16621,813.48,4,52
16623,129.45,1,246
16624,810.5699999999999,2,81
16625,333.08000000000004,1,275
16626,4413.1,17,1
16627,322.8,1,80
16628,2188.05,5,30
16629,417.7299999999999,2,74
16633,2883.1,6,18
16634,53.1,1,223
16637,1154.4699999999998,4,33
16638,1630.32,9,23
16639,1257.5099999999998,3,32
16641,231.10000000000002,1,106
16642,688.33,2,5
16643,487.51,1,246
16644,833.7799999999997,2,178
16647,214.06,2,170
16648,290.65999999999997,1,43
16650,518.4200000000001,1,72
16652,6773.97,7,59
16653,1212.6600000000003,2,17
16654,373.87,3,142
16655,3794.52,6,18
16656,8625.8,15,23
16657,933.6200000000001,4,10
16659,39.12,1,190
16660,1267.65,4,17
16665,135.4,1,363
16666,118.98,1,20
16667,570.13,2,69
16668,306.71999999999997,6,16
16669,1374.8699999999994,3,24
16670,4095.9000000000005,11,17
16671,1692.27,3,29
16672,8134.940000000001,20,3
16674,319.61,2,55
16676,1592.12,4,34
16678,3109.9900000000002,12,3
16680,183.70000000000002,1,44
16681,1770.3400000000001,6,73
16682,1027.9999999999998,5,5
16684,66653.55999999998,28,5
16685,324.24,2,62
16686,3062.829999999999,7,48
16688,1260.8600000000001,4,2
16689,422.59999999999997,2,76
16690,225.58,2,73
16692,1276.0,2,257
16693,482.01,2,69
16696,657.9000000000001,4,136
16697,112.75000000000001,1,242
16698,1998.0,2,227
16700,4739.610000000001,12,9
16701,5398.299999999999,13,9
16705,14034.989999999998,20,1
16706,531.3500000000001,3,38
16708,656.6300000000001,1,46
16709,3029.870000000001,5,85
16710,2107.57,9,20
16711,1651.03,5,4
16712,3645.43,11,10
16713,6508.700000000001,14,19
16714,1161.5299999999993,3,219
16715,301.71999999999997,1,79
16716,901.2,2,267
16717,3551.1300000000006,5,24
16719,1359.69,6,15
16720,155.23999999999998,1,27
16721,292.46999999999997,1,263
16722,3931.2900000000004,11,18
16723,589.15,2,92
16725,658.8699999999999,6,303
16726,1382.02,5,27
16727,272.81999999999994,1,365
16728,1054.67,4,47
16729,7239.92,21,39
16730,743.1099999999999,3,53
16732,603.7499999999998,1,32
16734,650.51,3,53
16735,2300.5600000000004,5,79
16737,417.59999999999997,1,54
16738,3.75,1,298
16739,323.00000000000006,1,177
16742,464.9,1,47
16743,2238.0899999999997,7,30
16744,1304.7600000000002,7,12
16745,7194.299999999998,17,87
16746,6697.660000000001,18,5
16747,836.06,2,38
16748,1515.9,5,18
16750,623.9300000000001,5,45
16751,1764.7199999999998,1,31
16753,223.92,1,59
16755,1496.83,3,115
16756,239.4,1,215
16757,106.83,1,319
16758,369.34,1,66
16759,789.7900000000001,3,8
16761,316.61999999999995,1,97
16762,1501.3799999999999,3,20
16763,611.8500000000001,1,199
16764,2799.2499999999995,13,4
16765,34.0,1,295
16766,1145.6,2,274
16767,5580.6,11,31
16768,478.09000000000003,3,48
16769,380.3899999999999,1,261
16770,639.3000000000001,4,58
16771,2246.81,5,34
16773,171.59,1,58
16774,661.52,4,68
16775,1463.7600000000002,10,11
16776,388.2799999999999,1,61
16777,226.35000000000002,2,81
16778,245.94,2,75
16779,10272.81,21,3
16780,425.18999999999994,2,101
16782,2279.9000000000005,13,11
16784,107.6,1,20
16788,597.4800000000002,2,124
16789,80.8,1,9
16790,1545.6200000000001,6,4
16791,1721.7799999999993,7,30
16792,110.38000000000001,2,283
16793,243.83999999999997,1,58
16794,1222.7100000000003,10,2
16795,414.88000000000005,1,366
16796,305.62,1,90
16800,1201.4900000000002,1,12
16801,1619.73,4,164
16803,332.29999999999995,1,66
16804,536.9900000000001,3,24
16805,460.5899999999999,2,174
16806,801.49,4,104
16807,1121.59,3,143
16808,288.42,2,100
16809,914.6900000000003,5,24
16810,309.53999999999996,1,193
16811,547.0699999999999,2,5
16812,479.3500000000001,1,361
16813,1692.9799999999998,10,9
16814,6235.809999999998,20,15
16816,417.06000000000006,4,104
16817,1360.5499999999997,8,3
16818,3349.5700000000006,11,11
16820,497.61000000000007,1,96
16823,358.37999999999994,1,228
16824,460.64,2,16
16825,775.18,2,39
16826,341.70000000000005,1,52
16828,128.5,2,94
16829,197.22,1,157
16830,325.90999999999997,1,39
16832,199.15,3,185
16833,1106.53,4,2
16834,413.46000000000004,1,228
16835,99.1,1,129
16836,251.87,2,40
16837,3170.98,11,32
16838,588.8500000000001,2,198
16839,16042.109999999997,33,9
16841,1869.82,6,37
16842,1264.19,3,101
16843,10196.569999999998,16,43
16846,214.32000000000002,1,51
16847,193.44,1,44
16848,281.42,1,53
16849,124.57,1,187
16850,332.40999999999997,1,334
16851,342.45000000000005,3,5
16852,144.91000000000003,2,11
16855,328.4,2,24
16856,35.400000000000006,1,15
16859,747.81,2,145
16861,173.76,2,60
16863,338.55,1,32
16866,207.74,3,141
16869,825.42,4,23
16871,2812.3399999999997,6,23
16872,680.02,3,78
16873,7123.620000000001,6,5
16875,2095.5299999999997,5,68
16877,853.72,6,13
16878,13.3,1,85
16880,1519.0800000000002,7,31
16881,432.0,1,67
16882,705.1199999999999,3,67
16883,148.7,1,188
16884,429.84000000000003,2,38
16885,471.51,3,16
16887,194.88,1,36
16889,1578.67,3,195
16891,577.4399999999999,4,2
16892,525.54,5,2
16895,219.13999999999996,1,65
16897,289.7800000000001,2,300
16898,392.7300000000002,2,27
16899,1281.56,6,8
16900,887.1100000000004,3,17
16902,1706.88,1,117
16903,373.24,1,30
16904,3415.5699999999993,14,5
16905,2848.0299999999997,6,6
16906,579.77,4,82
16907,981.65,5,30
16909,379.14000000000004,1,73
16910,1510.06,8,5
16912,2575.3799999999997,11,29
16913,113.44000000000001,1,291
16914,208.45999999999995,1,37
16915,621.68,6,10
16916,378.17999999999995,1,24
16917,391.5200000000001,1,277
16918,1068.82,6,50
16919,2398.1000000000004,10,157
16921,169.79000000000005,1,62
16923,7247.61,19,13
16924,846.7500000000001,3,22
16927,543.05,3,116
16928,2731.3500000000004,16,81
16929,1295.39,7,4
16930,380.5500000000001,3,27
16931,4452.169999999999,20,6
16932,161.94,1,54
16933,563.2300000000001,2,2
16934,950.9299999999998,2,55
16936,262.68,1,26
16938,2736.380000000002,4,9
16940,3049.879999999999,3,53
16942,1920.59,9,13
16943,816.73,3,212
16945,4345.5,19,22
16947,406.48000000000013,1,236
16948,435.02000000000004,3,139
16949,1286.2700000000002,6,4
16950,1006.56,2,57
16951,1277.750000000001,3,135
16952,167.61,2,110
16953,20.8,1,31
16954,2085.08,9,1
16955,329.57,2,185
16956,308.74,1,18
16957,416.64,2,240
16959,117.35000000000001,1,88
16960,507.05000000000007,3,39
16961,234.17,1,117
16963,110.55000000000001,1,188
16965,201.19,1,227
16966,2154.9700000000003,7,9
16967,319.0199999999999,1,190
16968,439.43000000000006,2,5
16969,650.4099999999999,3,40
16971,357.20999999999987,1,39
16976,251.51999999999998,1,268
16978,344.33,1,78
16979,1852.0,6,4
16980,1078.9600000000003,2,256
16982,384.06,1,61
16983,1767.76,6,13
16984,4481.349999999998,2,89
16985,5464.12,10,18
16986,1873.2,2,30
16987,1625.05,7,4
16988,126.12,1,6
16989,1133.25,6,8
16990,179.0,1,219
16992,1614.31,5,11
16996,1456.96,6,31
16997,702.0,3,289
16998,295.0,4,150
16999,484.82,2,24
17001,3989.5699999999997,11,1
17002,1493.7300000000002,3,86
17004,1412.9399999999996,2,47
17006,781.78,4,5
17007,889.9300000000001,6,51
17010,195.36,1,19
17011,270.90000000000003,1,31
17014,586.33,3,9
17015,1842.56,3,29
17017,7305.139999999999,17,3
17018,920.1,2,41
17019,913.79,3,12
17022,71.0,1,32
17024,95.85,3,46
17025,196.8,1,61
17026,121.67999999999999,1,186
17027,890.2899999999997,6,79
17029,716.0,2,111
17030,146.87,1,64
17031,380.35,2,12
17033,1030.1399999999999,3,87
17034,745.52,3,17
17035,433.53000000000003,2,246
17037,1267.3199999999997,1,88
17038,112.40000000000003,1,31
17040,449.7299999999999,1,138
17041,1081.57,3,27
17042,1044.3799999999999,5,3
17043,1735.1799999999998,4,33
17044,948.48,1,26
17045,339.43999999999994,3,114
17046,642.0199999999999,1,158
17047,1100.8999999999999,3,86
17048,925.3500000000001,3,118
17049,5659.9800000000005,9,3
17050,3228.8399999999997,6,97
17051,247.14,1,195
17052,413.75000000000006,1,29
17053,498.47999999999996,1,131
17054,1356.33,5,29
17058,1179.89,3,82
17059,2372.6800000000007,4,30
17060,234.24,1,267
17061,5232.23,11,74
17062,358.73,3,314
17063,1461.1400000000003,7,22
17064,859.35,3,59
17068,4385.99,20,13
17069,2432.65,8,29
17070,312.13999999999993,1,115
17071,2429.0299999999997,9,29
17073,1446.0899999999997,4,18
17075,834.12,4,18
17076,841.0799999999999,3,37
17078,378.2000000000001,2,37
17079,118.80000000000001,1,79
17080,287.62,2,23
17081,290.15999999999997,2,26
17082,2003.85,2,34
17083,1405.7799999999997,3,110
17084,2949.75,2,36
17085,1566.65,5,124
17086,2050.0800000000004,6,8
17088,1991.01,4,29
17090,2043.95,7,5
17091,3534.3100000000004,8,3
17092,1777.78,4,51
17094,301.99999999999994,1,323
17095,1324.1599999999999,3,23
17096,1022.1299999999999,4,16
17100,971.74,2,19
17101,1621.73,4,11
17102,25.5,1,262
17105,665.78,2,160
17107,10815.43,6,34
17109,885.04,6,30
17110,163.29999999999998,1,166
17111,248.60999999999999,1,48
17114,808.6200000000001,8,6
17115,837.5000000000002,3,9
17117,116.19999999999997,1,289
17118,157.02,1,318
17119,606.91,2,4
17120,307.46,1,234
17122,138.32,1,120
17123,345.29999999999995,1,162
17124,298.89000000000004,1,186
17125,259.34999999999997,1,51
17126,1004.7500000000001,5,153
17128,157.09,1,335
17131,2463.17,5,6
17133,4892.240000000002,7,16
17134,424.99999999999994,2,107
17135,924.1500000000001,6,17
17138,380.5,1,276
17139,10668.470000000003,12,16
17140,465.32,1,248
17142,579.0,1,240
17144,984.5699999999999,2,2
17146,749.7800000000001,3,106
17147,1714.59,4,23
17148,124.88,1,52
17152,1689.5,3,195
17153,213.77999999999997,1,25
17154,329.34000000000003,1,76
17155,251.7,2,18
17157,319.0,2,8
17158,1266.97,3,33
17159,1538.88,3,22
17160,3518.0300000000007,6,32
17162,1715.46,10,29
17163,293.1,2,22
17164,2467.35,7,33
17165,158.68,1,285
17166,206.33999999999997,2,39
17169,835.78,2,58
17171,224.90999999999997,1,290
17172,317.76,1,79
17173,3766.6000000000004,8,6
17174,59.9,1,218
17175,1443.69,4,45
17176,306.13,1,202
17179,711.79,3,179
17180,796.03,4,57
17181,84.39999999999998,1,58
17183,3347.31,6,8
17186,144.0,2,47
17187,203.95,1,227
17188,2474.23,7,12
17189,384.4,2,107
17190,444.74,2,59
17191,1585.02,4,29
17193,1699.3000000000002,7,36
17194,262.62,2,274
17197,1013.01,1,30
17198,420.2099999999999,2,24
17201,342.63,1,54
17203,3563.8500000000004,6,36
17204,1564.5600000000002,4,176
17205,384.08,1,54
17206,204.24,1,54
17211,2043.92,7,27
17212,226.85,1,254
17213,2468.33,6,41
17214,1069.1200000000001,6,61
17217,113.5,1,235
17218,1668.1799999999998,9,5
17219,114.23,1,32
17220,3198.250000000001,14,25
17221,335.13,2,8
17222,354.15,1,66
17223,133.95,1,311
17226,393.48999999999995,1,309
17227,797.0699999999999,5,19
17228,1550.1399999999996,6,16
17229,318.76,2,97
17230,3638.4100000000003,8,265
17231,3174.3199999999997,10,13
17232,421.52000000000004,2,3
17233,190.88,1,36
17234,149.89,1,183
17235,208.15999999999997,1,26
17236,916.1299999999999,6,13
17237,314.69,2,12
17238,3374.5600000000004,15,3
17239,382.50000000000006,1,313
17242,1135.04,2,109
17243,8419.949999999999,25,2
17244,954.8999999999997,1,54
17245,171.45,1,205
17247,282.18999999999994,1,16
17248,318.65000000000003,1,121
17250,384.52000000000004,2,4
17251,283.28,1,363
17252,353.8599999999999,2,117
17253,178.26,1,19
17254,272.44000000000005,2,5
17255,298.41,2,41
17256,240.0,2,108
17259,221.73000000000005,1,149
17262,984.5,4,53
17263,63.440000000000005,1,209
17265,562.8999999999999,2,139
17266,310.64000000000004,3,3
17267,317.61999999999995,2,128
17268,763.64,4,108
17272,2148.6299999999997,4,43
17274,111.98000000000002,1,36
17277,1065.3500000000001,2,228
17278,246.04000000000008,1,242
17279,187.82999999999998,1,58
17282,1703.4099999999999,3,131
17284,1652.5800000000002,6,61
17286,153.92000000000004,1,22
17287,841.41,5,27
17288,1419.73,7,10
17289,944.41,3,32
17290,525.2399999999999,2,4
17291,550.8000000000001,1,309
17293,1875.11,9,9
17295,556.9499999999999,3,29
17297,131.78000000000006,1,18
17298,498.4200000000001,2,102
17299,669.1099999999999,4,12
17301,197.6300000000001,1,22
17302,1135.63,5,15
17303,250.03999999999994,1,362
17306,8631.31,19,11
17309,82.75,1,96
17311,1384.85,2,79
17312,644.3,3,139
17313,2328.8399999999997,1,32
17314,2527.9199999999996,8,25
17315,6292.26,38,2
17317,2600.34,3,47
17320,749.7,2,101
17321,700.8599999999999,2,9
17323,921.07,7,16
17324,863.18,3,18
17325,96.8,1,281
17329,523.11,2,15
17330,363.9,2,23
17331,175.2,1,124
17333,494.24999999999994,1,86
17334,307.02000000000004,2,303
17337,2027.8700000000006,4,152
17338,6643.930000000001,8,18
17339,243.36,2,95
17340,9682.02,10,30
17341,267.76,2,157
17343,193.63999999999996,1,356
17344,160.56999999999994,1,47
17345,537.74,4,16
17346,2529.9500000000003,14,4
17347,228.96,1,87
17348,1159.5200000000002,5,15
17349,110.75,1,180
17350,1286.07,4,9
17351,587.15,3,37
17353,1740.0,2,130
17354,1393.06,1,51
17356,178.21999999999997,1,312
17357,388.1399999999999,2,25
17358,365.84999999999997,2,304
17359,127.85999999999999,1,12
17360,585.79,3,18
17361,488.20000000000005,3,50
17362,312.23,2,240
17364,4481.18,11,1
17365,4801.56,8,13
17367,168.4,1,239
17368,1912.67,8,24
17370,446.18,4,73
17371,423.89,3,18
17372,1342.6800000000003,8,41
17373,646.92,4,41
17374,495.77000000000004,2,219
17375,400.1,3,200
17376,203.2,2,71
17377,3877.02,19,24
17379,404.66,1,12
17381,16671.89,26,9
17382,65.4,1,66
17383,199.29000000000002,1,5
17384,336.4,2,20
17385,261.11000000000007,1,15
17386,2686.42,6,8
17387,784.1100000000001,2,20
17388,1259.5600000000002,4,78
17389,31833.68,34,1
17391,508.8,2,164
17392,457.91,2,307
17394,203.86999999999995,1,220
17396,6933.3,7,40
17397,696.4099999999999,2,23
17398,653.3800000000001,3,115
17400,2129.959999999999,5,127
17402,2173.88,11,5
17403,281.62000000000006,1,37
17405,1031.41,3,2
17406,1498.3199999999995,2,334
17408,32.65,1,164
17409,771.8500000000001,2,185
17410,1214.72,5,17
17411,778.94,3,13
17412,1060.7599999999998,6,3
17414,778.0,2,44
17415,507.8399999999999,1,80
17416,6893.42,7,30
17418,463.46000000000004,2,43
17419,3852.2999999999997,10,12
17420,467.98,2,51
17422,1979.37,6,17
17423,698.4100000000001,2,47
17425,759.1699999999995,2,20
17426,5037.259999999999,6,9
17427,100.8,1,72
17428,16903.85,27,1
17429,524.9200000000001,3,129
17430,265.76,2,33
17431,403.30000000000007,1,314
17432,365.76,2,19
17433,303.16,1,89
17434,2373.82,7,3
17436,216.29999999999998,2,2
17438,388.45000000000005,1,254
17440,186.42,3,157
17442,2248.56,6,37
17446,120.9,2,177
17447,541.53,2,41
17449,2520.8599999999997,7,3
17450,192521.94999999992,44,9
17451,1721.3999999999999,7,2
17453,486.71999999999997,2,18
17454,517.53,4,193
17455,131.7,1,204
17456,249.85999999999999,1,366
17457,1737.7,5,127
17458,316.49999999999994,1,16
17459,657.3,2,44
17460,552.13,4,95
17461,757.4599999999998,3,23
17462,675.69,2,61
17463,1896.4099999999999,5,17
17464,289.96000000000004,1,159
17466,763.28,2,11
17468,137.0,2,11
17469,1870.9700000000003,5,17
17470,946.6699999999998,4,45
17472,710.29,3,192
17475,194.36999999999995,1,80
17480,511.82,1,78
17481,1255.5900000000001,4,4
17483,414.04,3,66
17486,396.87000000000006,1,262
17489,376.64000000000004,2,59
17490,2092.32,7,1
17491,3231.4700000000003,9,2
17492,374.57,1,249
17495,497.56000000000006,2,8
17496,271.04999999999995,1,359
17498,272.21999999999997,1,76
17499,622.88,1,290
17500,1138.0,3,18
17501,288.6,2,221
17502,689.1000000000001,4,10
17503,558.96,2,3
17504,2997.03,9,207
17505,1145.8400000000001,2,162
17506,302.2,1,76
17507,605.5799999999999,2,262
17509,6115.140000000001,8,58
17510,308.48,1,25
17511,87591.69999999998,29,3
17512,2924.9899999999993,10,29
17513,513.2,1,73
17514,208.65,1,129
17515,639.02,4,32
17516,768.0800000000002,5,16
17517,153.94,1,309
17519,1508.7199999999998,5,18
17520,546.8100000000001,1,54
17521,723.2099999999999,3,30
17522,1070.71,5,2
17523,652.74,4,12
17524,145.0,1,362
17525,422.70000000000005,1,360
17526,1195.9,4,5
17527,939.3699999999999,4,54
17528,3628.5,8,2
17530,2384.9999999999995,10,2
17531,296.70000000000005,1,191
17534,223.36,1,54
17535,164.39999999999998,1,281
17536,76.5,1,178
17537,897.6200000000003,2,30
17538,98.42000000000002,1,26
17540,578.9,2,25
17542,170.75,1,270
17545,645.9599999999998,3,44
17548,103.3,1,234
17549,148.85999999999999,2,24
17550,267.15999999999997,3,198
17551,306.84,1,360
17552,631.8900000000001,2,61
17553,1487.6,1,130
17554,1952.4499999999998,5,2
17555,483.26,2,20
17556,157.9,1,206
17557,541.46,3,15
17560,854.9499999999999,4,95
17561,167.61999999999998,1,20
17562,1122.38,7,15
17564,454.01000000000005,3,25
17566,901.2099999999998,2,9
17567,3813.53,7,8
17569,344.13999999999993,1,333
17571,1498.5100000000002,4,51
17572,155.95,3,72
17573,380.59999999999997,3,30
17574,185.64999999999998,1,243
17576,3622.68,19,9
17578,143.45999999999998,1,219
17579,448.9,3,5
17580,215.72000000000003,3,253
17581,10258.26,23,1
17582,175.27,1,237
17584,1242.2999999999997,2,8
17585,1133.07,4,110
17588,1240.2,3,101
17589,2404.17,4,61
17590,1479.2199999999996,3,3
17591,1819.3699999999997,6,74
17593,3927.3399999999992,5,4
17594,993.1800000000001,2,86
17595,388.78999999999996,2,13
17596,2435.31,6,24
17597,2044.3700000000003,1,214
17600,161.67000000000002,1,18
17601,116.01,1,240
17602,5102.969999999998,6,3
17603,394.72,1,79
17604,309.36,2,218
17608,193.42000000000007,2,34
17609,1112.2199999999998,5,41
17611,3984.2199999999993,15,8
17612,2048.45,6,54
17613,4559.15,14,23
17614,390.0699999999999,1,58
17615,329.6,3,131
17616,244.79999999999998,2,174
17618,971.5799999999999,3,6
17619,218.52000000000004,1,313
17620,81.44,1,60
17621,1379.9,3,22
17623,527.05,1,33
17624,843.48,2,15
17625,2046.9999999999998,4,19
17628,75.75000000000001,1,82
17629,1814.12,8,6
17630,503.5999999999999,2,170
17631,528.33,3,2
17633,1324.8400000000001,4,32
17634,2361.9700000000007,9,37
17636,285.56,1,20
17637,547.0599999999998,2,32
17639,108.5,1,277
17640,621.6600000000001,1,87
17642,712.2900000000001,2,120
17644,2895.6400000000003,11,2
17646,1008.3900000000001,3,220
17647,133.06,1,66
17648,1797.5,4,61
17649,868.49,1,139
17650,166.07999999999998,1,22
17651,3945.0,10,12
17652,4867.72,12,26
17653,1207.5600000000002,4,37
17654,117.54999999999998,1,278
17655,1962.8400000000001,6,11
17656,1674.69,5,74
17658,595.42,2,26
17659,2751.6600000000003,11,18
17660,196.0,1,142
17663,1802.9100000000003,7,26
17664,604.6400000000001,2,19
17666,728.16,2,4
17667,2055.51,5,67
17668,347.75,2,2
17669,3406.72,7,43
17670,205.7,1,228
17671,1572.71,4,16
17672,3178.17,2,51
17673,1629.1200000000001,6,2
17674,250.38000000000002,1,75
17675,19757.160000000003,30,2
17676,1086.98,5,5
17677,14746.630000000003,26,2
17678,298.10999999999996,1,264
17679,1992.1100000000006,2,53
17680,184.39999999999998,1,24
17682,2082.83,5,11
17684,239.41,1,44
17685,2739.01,6,17
17686,5739.46,7,8
17690,4309.75,12,31
17691,147.89999999999998,1,359
17692,740.94,4,128
17693,200.47,1,138
17694,283.12000000000006,1,142
17695,765.3399999999999,2,132
17696,2285.71,8,39
17697,338.95000000000005,1,237
17698,154.95000000000002,1,261
17700,2534.64,4,17
17701,417.95000000000005,1,253
17702,1824.37,4,31
17703,798.74,3,36
17704,885.19,2,169
17705,1823.52,9,4
17706,10026.66,14,5
17707,152.4,2,186
17708,267.08,2,188
17709,137.45,1,170
17711,385.1,2,11
17712,522.91,1,45
17714,153.0,1,321
17715,326.4,1,201
17716,5655.99,11,23
17718,139.35,1,233
17719,5396.040000000001,15,38
17720,1093.9399999999998,3,27
17722,1513.8999999999996,3,97
17723,3276.4,6,128
17724,1033.0,3,72
17725,3439.0800000000004,11,17
17727,1060.25,1,16
17728,2876.0100000000016,3,4
17730,5298.48,13,4
17731,1240.1100000000001,4,80
17733,692.19,2,39
17734,700.63,3,54
17735,12655.42,18,3
17736,377.4399999999999,3,10
17737,168.24,2,10
17738,1879.0499999999997,4,20
17739,2791.3500000000004,7,12
17742,355.11,2,114
17744,2322.4,6,4
17746,110.25000000000001,1,241
17747,71.4,1,113
17749,674.52,2,179
17750,1797.57,9,6
17752,80.64,1,360
17754,1772.26,5,1
17757,5312.840000000001,28,2
17758,3456.7000000000007,8,20
17759,834.9899999999999,3,18
17760,115.05000000000001,1,22
17761,712.78,1,33
17763,15.0,1,264
17764,818.8199999999999,2,51
17765,371.8800000000001,3,159
17767,271.20000000000005,1,16
17768,2273.1800000000003,3,9
17769,3997.9799999999996,10,13
17770,1143.27,5,199
17771,245.81,2,57
17772,182.77000000000004,2,11
17774,1225.41,4,97
17775,56.4,1,255
17777,665.8600000000001,3,25
17779,658.5699999999999,3,22
17781,188.01999999999998,2,160
17783,283.47,2,73
17785,131.94000000000003,1,54
17786,278.74,2,86
17787,1128.91,3,153
17788,1117.9,2,74
17789,225.9,1,282
17790,1965.5500000000004,14,27
17791,106.1,1,30
17793,323.03999999999996,1,26
17795,350.39000000000004,2,180
17796,583.25,3,41
17797,780.4300000000002,3,23
17799,3055.9299999999994,10,23
17800,1199.01,9,38
17802,1184.8400000000006,2,83
17805,512.31,1,74
17806,546.0399999999998,1,12
17809,4160.41,9,17
17811,7837.730000000001,39,5
17812,514.6099999999999,3,13
17813,1770.8800000000003,5,15
17816,36.559999999999995,4,37
17817,387.67999999999995,3,5
17819,3113.4,6,72
17824,298.4,1,52
17827,1995.46,5,6
17830,398.7,3,2
17831,35.400000000000006,1,34
17832,155.3700000000001,1,50
17835,350.64,3,3
17836,110.21,1,48
17837,1593.3799999999999,8,43
17838,2062.14,4,27
17839,338.80000000000007,1,43
17841,39707.96,121,2
17843,205.48000000000002,1,304
17846,2033.1,1,86
17848,901.2000000000002,9,82
17849,605.8000000000001,4,219
17852,114.34,2,12
17854,311.26,2,186
17856,1418.0300000000002,4,2
17857,26879.04,23,5
17858,4904.41,11,6
17859,148.21,1,305
17861,2100.8,8,4
17862,330.9,1,324
17863,2775.2799999999997,5,60
17864,597.5,3,13
17865,10526.320000000002,20,31
17866,329.65,1,143
17867,1197.1000000000001,6,31
17869,213.86,4,108
17870,1567.9499999999998,11,3
17871,155.89999999999998,1,205
17873,1644.0100000000002,4,81
17874,683.4600000000002,6,186
17877,237.61,1,171
17878,379.45000000000005,1,44
17879,178.51999999999998,1,174
17880,458.91999999999985,1,365
17881,133.35000000000002,1,305
17883,671.77,4,4
17884,392.83,2,4
17885,190.18999999999997,1,13
17886,899.61,3,32
17887,111.35,1,130
17888,726.05,8,22
17889,203.87,2,213
17890,602.09,2,323
17891,203.85999999999993,1,163
17892,244.10000000000002,3,57
17893,112.25000000000004,1,226
17894,1013.0400000000002,7,72
17895,97.99999999999997,1,45
17896,256.32,1,24
17897,131.98000000000005,1,173
17898,152.05999999999997,2,86
17899,155.79999999999998,1,160
17900,112.19999999999999,2,191
17901,110.38000000000001,1,30
17904,191.66999999999993,1,22
17905,598.49,3,72
17906,72.9,1,248
17911,366.23,1,10
17912,311.01000000000005,5,311
17913,411.59999999999997,2,59
17914,336.4299999999999,1,4
17917,341.28,3,46
17919,1304.04,1,89
17920,3468.19,15,5
17921,826.5199999999998,4,65
17923,207.50000000000003,1,283
17924,2683.5,6,12
17926,397.29,2,134
17928,212.54000000000002,2,46
17929,843.0,4,12
17930,1740.4799999999998,5,36
17931,408.36,2,135
17932,1331.5699999999997,3,30
17934,704.25,2,52
17935,145.79,2,139
17936,389.8399999999999,1,6
17937,4301.22,7,9
17939,99.14000000000003,1,160
17940,4106.4400000000005,10,50
17941,304.56,1,131
17942,77.50000000000001,1,8
17946,149.57999999999998,2,234
17947,176.68,1,38
17948,358.56000000000006,1,148
17949,57196.48,44,2
17950,482.20000000000005,3,73
17951,713.0400000000001,2,40
17954,2204.0399999999995,10,6
17955,557.3,4,199
17956,12.75,1,250
17957,111.67999999999998,1,67
17958,508.4599999999999,1,117
17960,73.78,1,172
17961,1168.89,38,22
17962,102.82999999999998,1,143
17964,209.94000000000003,1,32
17965,2585.22,13,38
17966,1098.43,5,38
17969,228.2,2,167
17970,582.5899999999999,1,212
17972,136.04,1,242
17973,337.04,1,52
17974,740.79,3,25
17975,4174.71,12,16
17977,288.14,1,30
17978,300.91999999999996,1,366
17979,757.71,4,36
17980,811.45,3,166
17984,152.68000000000006,1,146
17985,634.9499999999999,1,23
17986,20.8,1,57
17987,198.57,1,186
17988,201.12,7,12
17990,630.84,3,237
17991,93.35000000000001,2,226
17994,678.4899999999999,4,122
17995,76.1,1,282
17997,1970.6699999999996,8,75
17999,191.71999999999997,1,38
18001,417.23,2,13
18004,169.46999999999997,1,363
18005,249.72,2,4
18006,444.68,1,24
18008,2116.19,9,71
18009,257.34000000000003,1,236
18010,174.79999999999998,1,257
18013,187.29000000000005,2,156
18014,166.42000000000002,1,29
18015,120.03,1,5
18016,1483.56,5,33
18017,523.0,3,82
18018,122.13999999999999,2,109
18019,38.45,1,52
18022,668.1100000000002,1,36
18024,389.78000000000003,2,153
18027,115.30999999999999,1,99
18030,230.64999999999998,2,5
18032,73.5,1,335
18033,97.97000000000004,1,66
18034,422.87999999999994,2,22
18035,730.3999999999999,3,36
18036,405.62,3,33
18037,70.02,6,155
18040,357.20000000000005,2,20
18041,3754.4500000000007,19,12
18042,165.04999999999998,1,54
18043,243.05000000000007,2,25
18044,2088.6,10,5
18045,189.39999999999995,1,46
18048,172.29000000000002,2,204
18050,74.4,1,360
18053,300.02000000000004,1,71
18055,5783.710000000001,8,8
18056,363.65,1,289
18058,170.16,1,10
18059,306.46000000000004,3,24
18061,1714.2500000000002,9,22
18062,720.5200000000001,3,174
18064,814.0,2,134
18065,2392.83,14,6
18066,318.0,1,76
18067,396.3300000000001,1,41
18068,101.69999999999999,1,290
18069,2036.6700000000003,5,27
18071,453.0,2,258
18072,247.44,1,186
18073,3877.5200000000004,12,115
18075,2611.75,10,24
18077,2428.1400000000003,10,9
18078,336.13,2,218
18079,3651.970000000001,4,46
18080,1231.5,2,19
18081,343.45000000000005,3,37
18082,703.3699999999997,1,26
18084,90.47999999999999,1,17
18085,386.04999999999995,1,331
18086,101.33999999999999,1,275
18087,4055.7199999999993,2,99
18088,167.66999999999996,1,62
18092,9068.26,11,3
18093,2106.52,4,94
18094,3017.2999999999997,7,82
18095,580.05,2,313
18096,911.1499999999994,3,12
18097,2697.8,6,8
18099,168.31000000000003,1,128
18101,223.64999999999998,2,12
18102,233736.93000000008,57,1
18104,754.6400000000002,1,38
18105,113.48000000000002,1,38
18106,430.6999999999999,1,330
18108,271.0,1,255
18109,7775.52,25,2
18110,236.3,1,20
18112,352.69,2,13
18114,220.1,1,291
18116,1418.0299999999997,8,68
18117,320.71999999999997,1,26
18118,5177.959999999999,25,11
18120,111.14999999999999,1,215
18121,673.1000000000001,2,150
18122,1826.21,6,9
18123,589.4399999999999,2,25
18125,1142.9899999999998,4,30
18126,206.83000000000007,1,61
18127,348.73,3,20
18129,112.55,1,244
18130,1059.3899999999999,3,16
18133,931.4999999999999,1,213
18135,681.9100000000001,5,30
18136,784.3299999999999,3,64
18138,152.65,1,296
18139,8438.340000000002,6,18
18142,1019.52,2,158
18143,1000.1599999999999,2,117
18144,2723.7,11,8
18145,2861.55,4,13
18146,160.35000000000002,2,141
18147,179.34,2,46
18149,612.0799999999999,3,51
18150,566.5799999999999,3,33
18151,653.3499999999999,2,135
18154,399.19,2,4
18155,371.62,3,76
18156,528.7099999999998,1,13
18158,453.4000000000001,2,10
18159,530.1500000000002,1,302
18160,638.0600000000002,2,58
18161,1618.69,5,16
18164,399.65000000000003,1,38
18165,302.46000000000004,1,178
18167,1384.8600000000001,3,24
18168,906.64,5,177
18169,202.65000000000003,1,61
18170,980.3099999999998,3,34
18171,1231.31,5,59
18172,7561.680000000001,20,15
18173,2106.84,4,87
18174,104.0,1,8
18176,476.34999999999997,1,359
18177,1341.42,6,32
18178,1590.8100000000002,4,129
18179,1793.17,6,10
18180,1843.75,6,5
18181,382.79999999999995,1,25
18183,632.07,2,228
18184,49.8,1,16
18185,304.25,1,250
18188,2001.0399999999997,3,16
18189,1090.2399999999998,2,78
18190,284.46,2,193
18191,207.79999999999998,1,262
18192,957.9699999999999,1,72
18193,243.76000000000005,1,166
18194,973.8399999999999,1,83
18196,689.1300000000001,2,96
18198,5425.56,17,5
18200,163.8,1,107
18202,1396.9899999999998,3,200
18203,160.42000000000002,1,158
18204,1993.6999999999998,3,72
18205,517.3599999999999,2,37
18209,139.10000000000002,1,29
18210,2621.38,6,2
18211,600.0700000000002,5,26
18212,248.41999999999993,1,327
18213,232.48000000000002,1,237
18215,299.34000000000003,1,90
18216,481.75,1,32
18217,621.75,2,30
18218,662.08,2,212
18219,1859.58,9,3
18220,305.28000000000003,1,227
18221,1041.61,5,23
18222,443.0,1,93
18223,6484.54,14,5
18224,158.95000000000002,1,264
18225,5509.12,12,4
18226,5228.050000000001,11,45
18227,93.75,1,218
18228,779.9,2,57
18229,6623.700000000001,18,12
18230,2810.2000000000003,7,10
18231,2083.27,5,193
18232,592.97,4,82
18233,440.0,1,326
18235,1796.4800000000002,3,72
18236,882.24,6,30
18237,987.1,5,3
18239,1123.5100000000002,4,219
18240,422.58000000000004,1,47
18241,2073.0899999999997,17,10
18242,2232.49,4,73
18245,2567.06,7,8
18246,596.1,2,24
18248,804.02,2,123
18249,95.34,1,18
18250,349.27000000000004,1,311
18251,4314.719999999999,1,88
18252,526.6699999999997,2,51
18255,103.3,1,90
18257,2337.6300000000006,8,40
18259,1962.3000000000002,2,25
18260,2643.2,6,173
18261,324.24,2,44
18262,149.48,1,141
18263,1213.16,3,26
18265,801.5100000000001,2,73
18268,25.5,1,135
18270,283.15,2,39
18272,3078.5800000000004,6,3
18273,204.0,3,3
18274,175.92000000000002,1,31
18276,335.8599999999999,1,44
18277,110.38,1,59
18278,173.89999999999998,1,74
18280,180.6,1,278
18281,80.82,1,181
18282,178.05,2,8
18283,2094.88,16,4
18287,1837.28,3,43
